Trial,Nitrogen,Genus,PlateID,SeedID,OrganScore3,OrganScore7,OrganScore10,OrganScore14,OrganScore17,OrganScore21,RootLength7,ShootLength7,RootLength14,ShootLength14,RootLength21,ShootLength21,RSRatio7,RSRatio14,RSRatio21
1,1,1,1,A,1,2,4,4,,,,,3.475,3.98,,,,0.873115577889447,
1,1,1,1,B,1,2,4,5,,,,,2.685,4.123,,,,0.651,
1,1,1,1,C,0,2,3,4,,,,,2.878,3.398,,,,0.847,
1,1,1,1,D,2,2,3,4,,,,,3.797,3.799,,,,0.999,
1,1,1,1,E,0,2,3,4,,,,,2.352,1.58,,,,1.48860759493671,
1,1,1,1,F,0,2,3,4,,,,,3.57,3.556,,,,1.00393700787402,
1,1,1,1,G,1,2,4,5,,,,,4.495,3.91,,,,1.14961636828645,
1,1,1,1,H,1,2,3,4,,,,,3.894,3.776,,,,1.031,
1,1,1,1,I,2,2,4,5,,,,,3.829,4.208,,,,0.910,
1,1,1,2,A,1,2,4,4,,,,,3.173,4.586,,,,0.692,
1,1,1,2,B,1,2,3,4,,,,,4.014,3.452,,,,1.163,
1,1,1,2,C,2,2,3,4,,,,,3.425,4.298,,,,0.797,
1,1,1,2,D,2,2,4,4,,,,,4.604,1.439,,,,3.199,
1,1,1,2,E,2,3,4,4,,,1.104,0.505,1.472,4.285,,,2.186,0.344,
1,1,1,2,F,1,2,4,4,,,,,3.502,4.477,,,,0.782,
1,1,1,2,G,2,2,4,4,,,,,5.485,3.828,,,,1.433,
1,1,1,2,H,0,2,4,4,,,,,5.523,3.068,,,,1.800,
1,1,1,2,I,2,3,4,4,,,1.233,0.91,5.18,5.125,,,1.35494505494505,1.01073170731707,
1,1,1,3,A,0,2,3,4,,,,,2.98,3.424,,,,0.870327102803738,
1,1,1,3,B,1,3,4,5,,,0.892,1.257,1.653,3.881,,,0.710,0.426,
1,1,1,3,C,0,2,3,4,,,,,1.507,3.054,,,,0.493,
1,1,1,3,D,1,2,4,4,,,,,2.009,4.133,,,,0.486,
1,1,1,3,E,2,2,3,4,,,,,4.515,3.107,,,,1.453,
1,1,1,3,F,0,2,3,4,,,,,3.818,3.884,,,,0.983,
1,1,1,3,G,0,2,3,4,,,,,3.398,3.635,,,,0.935,
1,1,1,3,H,2,3,4,5,,,1.394,0.665,5.032,3.177,,,2.096,1.584,
1,1,1,3,I,1,2,3,4,,,,,3.072,4.48,,,,0.685714285714286,
1,1,1,4,A,0,2,3,3,,,,,2.857,1.864,,,,1.533,
1,1,1,4,B,0,2,4,4,,,,,2.148,4.021,,,,0.534,
1,1,1,4,C,1,2,4,4,,,,,3.268,2.983,,,,1.096,
1,1,1,4,D,0,2,3,4,,,,,4.327,3.239,,,,1.336,
1,1,1,4,E,0,2,3,4,,,,,2.97,3.107,,,,0.955906018667525,
1,1,1,4,F,1,3,4,4,,,1.006,0.972,1.722,3.271,,,1.035,0.526,
1,1,1,4,G,2,3,4,4,,,1.732,1.121,4.032,4.7,,,1.545,0.857872340425532,
1,1,1,4,H,0,2,3,4,,,,,2.939,3.188,,,,0.922,
1,1,1,4,I,2,3,4,4,,,1.093,0.74,2.809,4.65,,,1.47702702702703,0.604086021505376,
1,1,1,5,A,1,2,4,4,,,,,3.213,4.295,,,,0.748,
1,1,1,5,B,1,2,3,4,,,,,3.781,3.675,,,,1.029,
1,1,1,5,C,1,2,4,4,,,,,2.632,4.033,,,,0.653,
1,1,1,5,D,0,2,3,4,,,,,2.656,2.304,,,,1.153,
1,1,1,5,E,2,2,3,4,,,,,2.509,2.522,,,,0.995,
1,1,1,5,F,0,2,4,4,,,,,3.633,3.424,,,,1.061,
1,1,1,5,G,2,2,4,4,,,,,3.06,3.948,,,,0.775075987841945,
1,1,1,5,H,0,2,3,4,,,,,2.844,3.377,,,,0.842,
1,1,1,5,I,1,2,3,4,,,,,3.702,2.902,,,,1.276,
1,1,1,6,A,1,2,4,4,,,,,4.261,1.797,,,,2.371,
1,1,1,6,B,0,2,3,3,,,,,2.391,1.657,,,,1.443,
1,1,1,6,C,2,2,3,4,,,,,4.227,4.235,,,,0.998,
1,1,1,6,D,0,0,0,0,,,,,,,,,,,
1,1,1,6,E,2,2,3,4,,,,,3.09,3.935,,,,0.785260482846252,
1,1,1,6,F,1,3,4,4,,,1.107,0.747,4.643,3.042,,,1.482,1.526,
1,1,1,6,G,2,3,4,5,,,2.385,1.102,4.379,4.31,,,2.164,1.01600928074246,
1,1,1,6,H,2,3,4,5,,,2.327,1.026,3.876,4.022,,,2.268,0.964,
1,1,1,6,I,2,2,3,3,,,,,2.079,1.552,,,,1.340,
1,1,1,7,A,1,2,4,4,,,,,3.25,3.781,,,,0.859560962708278,
1,1,1,7,B,2,2,4,4,,,,,3.963,2.233,,,,1.775,
1,1,1,7,C,2,3,4,5,,,1.829,0.907,2.406,3.751,,,2.017,0.641,
1,1,1,7,D,1,2,3,4,,,,,3.811,3.256,,,,1.170,
1,1,1,7,E,2,3,4,4,,,1.515,0.983,3.905,3.764,,,1.541,1.037,
1,1,1,7,F,2,3,4,4,,,1.397,0.958,3.739,3.848,,,1.458,0.972,
1,1,1,7,G,2,2,3,4,,,,,3.822,3.69,,,,1.03577235772358,
1,1,1,7,H,2,2,4,4,,,,,3.976,3.787,,,,1.050,
1,1,1,7,I,1,3,3,4,,,1.125,0.941,3.112,3.573,,,1.196,0.871,
1,1,1,8,A,2,3,4,4,,,1.431,1.302,4.752,4.675,,,1.099,1.016,
1,1,1,8,B,0,2,4,4,,,,,3.109,3.415,,,,0.910,
1,1,1,8,C,1,2,4,4,,,,,1.912,4.166,,,,0.459,
1,1,1,8,D,0,2,3,4,,,,,2.909,3.159,,,,0.921,
1,1,1,8,E,0,0,0,0,,,,,,,,,,,
1,1,1,8,F,0,2,3,4,,,,,4.786,3.945,,,,1.213,
1,1,1,8,G,1,2,4,4,,,,,3.606,3.996,,,,0.902,
1,1,1,8,H,1,2,4,4,,,,,4.891,4.016,,,,1.218,
1,1,1,8,I,0,2,3,4,,,,,2.638,3.134,,,,0.842,
1,1,1,9,A,2,3,4,4,,,1.53,1.156,2.574,3.66,,,1.32352941176471,0.70327868852459,
1,1,1,9,B,1,2,4,4,,,,,3.351,2.227,,,,1.505,
1,1,1,9,C,2,2,4,4,,,,,3.99,4.09,,,,0.98,
1,1,1,9,D,0,2,3,4,,,,,2.627,2.709,,,,0.970,
1,1,1,9,E,2,3,4,4,,,1.811,0.981,3.897,3.602,,,1.846,1.082,
1,1,1,9,F,2,3,3,4,,,1.437,0.943,2.897,2.634,,,1.524,1.100,
1,1,1,9,G,2,3,4,4,,,2.213,1.165,4.3,4.073,,,1.900,1.05573287503069,
1,1,1,9,H,2,3,4,4,,,1.845,1.104,4.436,3.686,,,1.671,1.203,
1,1,1,9,I,2,3,3,4,,,1.816,1.121,3.248,3.515,,,1.620,0.924,
1,1,1,10,A,0,2,4,4,,,,,4.344,4.741,,,,0.916,
1,1,1,10,B,1,2,4,4,,,,,5.255,4.75,,,,1.10631578947368,
1,1,1,10,C,2,2,4,5,,,,,5.619,4.84,,,,1.16095041322314,
1,1,1,10,D,1,1,1,1,,,,,,,,,,,
1,1,1,10,E,0,2,3,4,,,,,4.44,4.001,,,,1.10972256935766,
1,1,1,10,F,0,2,3,3,,,,,3.014,1.519,,,,1.984,
1,1,1,10,G,2,2,4,5,,,,,5.04,4.573,,,,1.10212114585611,
1,1,1,10,H,2,2,4,5,,,,,6.583,3.913,,,,1.682,
1,1,1,10,I,0,2,3,4,,,,,2.031,1.555,,,,1.306,
1,2,1,1,A,1,2,4,5,,,,,3.227,5.161,,,,0.625,
1,2,1,1,B,1,2,4,4,,,,,2.529,4.267,,,,0.593,
1,2,1,1,C,0,2,3,4,,,,,0.918,2.516,,,,0.365,
1,2,1,1,D,0,2,4,4,,,,,3.537,3.755,,,,0.942,
1,2,1,1,E,2,2,3,4,,,,,3.382,3.567,,,,0.948,
1,2,1,1,F,1,2,4,4,,,,,3.459,3.991,,,,0.867,
1,2,1,1,G,2,2,4,4,,,,,2.186,4.276,,,,0.511,
1,2,1,1,H,0,2,3,4,,,,,2.808,2.148,,,,1.307,
1,2,1,1,I,2,2,4,4,,,,,2.827,4.239,,,,0.667,
1,2,1,2,A,2,2,4,5,,,,,5.001,4.363,,,,1.146,
1,2,1,2,B,2,2,4,4,,,,,3.221,3.811,,,,0.845,
1,2,1,2,C,0,2,3,4,,,,,2.749,2.894,,,,0.950,
1,2,1,2,D,1,2,3,4,,,,,5.171,3.975,,,,1.301,
1,2,1,2,E,0,2,3,4,,,,,2.276,1.582,,,,1.439,
1,2,1,2,F,0,2,3,4,,,,,2.123,3.552,,,,0.598,
1,2,1,2,G,2,2,4,5,,,,,3.297,4.801,,,,0.687,
1,2,1,2,H,0,2,3,4,,,,,3.441,2.245,,,,1.533,
1,2,1,2,I,1,2,4,4,,,,,4.636,4.348,,,,1.066,
1,2,1,3,A,0,2,3,4,,,,,2.341,4.45,,,,0.526067415730337,
1,2,1,3,B,2,2,3,4,,,,,1.513,3.507,,,,0.431,
1,2,1,3,C,0,2,3,4,,,,,3.657,3.988,,,,0.917,
1,2,1,3,D,1,2,4,5,,,,,4.124,3.641,,,,1.133,
1,2,1,3,E,0,2,3,4,,,,,2.343,3.191,,,,0.734,
1,2,1,3,F,0,2,3,3,,,,,0.719,1.07,,,,0.67196261682243,
1,2,1,3,G,2,2,4,5,,,,,3.2,2.588,,,,1.23647604327666,
1,2,1,3,H,1,2,3,4,,,,,4.588,3.203,,,,1.432,
1,2,1,3,I,1,2,3,4,,,,,3.713,2.298,,,,1.616,
1,2,1,4,A,1,3,4,4,,,1.763,0.899,4.152,3.538,,,1.961,1.174,
1,2,1,4,B,0,2,4,4,,,1.429,0.63,4.589,2.121,,,2.26825396825397,2.164,
1,2,1,4,C,2,3,4,4,,,,,1.106,1.45,,,,0.762758620689655,
1,2,1,4,D,1,2,3,4,,,,,2.864,3.597,,,,0.796,
1,2,1,4,E,0,2,3,4,,,,,3.647,3.281,,,,1.112,
1,2,1,4,F,0,3,4,4,,,1.149,0.645,4.524,3.319,,,1.781,1.363,
1,2,1,4,G,0,2,3,4,,,,,2.601,2.066,,,,1.259,
1,2,1,4,H,0,3,4,5,,,1.177,0.637,2.211,2.512,,,1.848,0.880,
1,2,1,4,I,0,2,3,4,,,,,1.333,2.177,,,,0.612,
1,2,1,5,A,0,2,3,4,,,,,3.098,3.25,,,,0.953230769230769,
1,2,1,5,B,1,2,3,4,,,,,1.882,2.807,,,,0.670,
1,2,1,5,C,0,2,3,4,,,,,2.711,3.912,,,,0.693,
1,2,1,5,D,1,2,4,4,,,,,3.169,3.82,,,,0.829581151832461,
1,2,1,5,E,2,2,3,4,,,,,3.26,3.979,,,,0.819301331992963,
1,2,1,5,F,1,2,3,4,,,,,4.27,3.249,,,,1.31425053862727,
1,2,1,5,G,2,2,4,4,,,,,2.218,4.573,,,,0.485,
1,2,1,5,H,0,2,4,4,,,,,2.807,4.124,,,,0.681,
1,2,1,5,I,0,2,3,4,,,,,2.115,2.959,,,,0.715,
1,2,1,6,A,0,2,3,4,,,,,3.855,3.276,,,,1.177,
1,2,1,6,B,0,1,3,4,,,,,1.793,2.192,,,,0.818,
1,2,1,6,C,1,2,4,4,,,,,5.489,4.096,,,,1.340,
1,2,1,6,D,0,2,3,4,,,,,2.611,3.262,,,,0.800,
1,2,1,6,E,1,2,3,4,,,,,3.983,3.296,,,,1.208,
1,2,1,6,F,1,2,4,4,,,,,4.638,2.669,,,,1.738,
1,2,1,6,G,1,2,3,4,,,,,4.267,1.713,,,,2.491,
1,2,1,6,H,1,2,4,4,,,,,5.054,3.832,,,,1.319,
1,2,1,6,I,0,2,3,4,,,,,0.751,3.386,,,,0.222,
1,2,1,7,A,0,2,4,4,,,,,3.153,3.865,,,,0.816,
1,2,1,7,B,0,2,3,4,,,,,4.66,3.576,,,,1.30313199105145,
1,2,1,7,C,0,2,4,4,,,,,3.755,4.17,,,,0.900479616306954,
1,2,1,7,D,0,2,4,4,,,,,2.166,4.586,,,,0.472,
1,2,1,7,E,0,2,3,4,,,,,4.269,3.483,,,,1.226,
1,2,1,7,F,2,3,4,4,,,1.44,0.63,4.355,3.736,,,2.29,1.166,
1,2,1,7,G,1,2,3,4,,,,,3.257,4,,,,0.81425,
1,2,1,7,H,1,3,3,4,,,1.481,1.045,3.725,4.329,,,1.417,0.860,
1,2,1,7,I,2,2,4,4,,,,,4.515,4.908,,,,0.920,
1,2,1,8,A,2,3,4,4,,,1.279,1.309,2.247,2.992,,,0.977,0.751,
1,2,1,8,B,1,2,3,4,,,,,2.484,3.405,,,,0.730,
1,2,1,8,C,0,2,3,4,,,,,2.922,3.637,,,,0.803,
1,2,1,8,D,0,2,3,4,,,,,1.768,2.531,,,,0.699,
1,2,1,8,E,0,2,3,4,,,,,1.863,3.422,,,,0.544,
1,2,1,8,F,0,2,3,4,,,,,2.469,2.981,,,,0.828,
1,2,1,8,G,2,2,3,4,,,,,1.632,3.226,,,,0.506,
1,2,1,8,H,0,2,3,4,,,,,2.4,2.56,,,,0.9375,
1,2,1,8,I,1,3,4,4,,,1.296,0.663,2.15,4.837,,,1.955,0.444490386603266,
1,2,1,9,A,0,2,3,3,,,,,0.489,0.411,,,,1.190,
1,2,1,9,B,0,0,0,0,,,,,,,,,,,
1,2,1,9,C,0,2,3,4,,,,,3.795,2.506,,,,1.514,
1,2,1,9,D,2,2,3,4,,,,,3.986,3.984,,,,1.001,
1,2,1,9,E,2,2,4,4,,,,,3.917,3.85,,,,1.0174025974026,
1,2,1,9,F,2,2,3,4,,,,,5.139,1.452,,,,3.539,
1,2,1,9,G,1,2,4,4,,,,,2.46,3.219,,,,0.764212488350419,
1,2,1,9,H,1,2,3,4,,,,,2.623,3.525,,,,0.744,
1,2,1,9,I,0,2,3,4,,,,,2.536,2.437,,,,1.041,
1,2,1,10,A,1,2,4,4,,,,,3.561,3.631,,,,0.981,
1,2,1,10,B,2,3,4,4,,,0.924,1.083,3.315,3.858,,,0.853,0.859,
1,2,1,10,C,0,1,0,0,,,,,,,,,,,
1,2,1,10,D,2,3,4,4,,,0.87,0.744,4.371,2.268,,,1.16935483870968,1.927,
1,2,1,10,E,1,2,3,3,,,,,1.955,1.841,,,,1.062,
1,2,1,10,F,0,2,3,4,,,,,2.842,1.144,,,,2.484,
1,2,1,10,G,2,3,4,5,,,1.654,1.16,4.484,3.741,,,1.42586206896552,1.199,
1,2,1,10,H,0,2,3,4,,,,,2.971,2.623,,,,1.133,
1,2,1,10,I,0,2,4,4,,,,,3.851,4.065,,,,0.947,
1,3,1,1,A,2,3,4,5,,,0.53,0.657,1.231,5.467,,,0.806697108066971,0.225,
1,3,1,1,B,0,2,4,4,,,,,2.062,4.373,,,,0.472,
1,3,1,1,C,2,3,4,5,,,1.02,0.707,2.191,5.612,,,1.44271570014144,0.390,
1,3,1,1,D,0,2,3,3,,,,,0.828,1.425,,,,0.581,
1,3,1,1,E,0,2,3,4,,,,,2.719,3.632,,,,0.749,
1,3,1,1,F,2,3,4,5,,,1.547,0.646,0.848,6.051,,,2.395,0.140,
1,3,1,1,G,1,2,4,5,,,,,1.237,4.552,,,,0.272,
1,3,1,1,H,0,2,3,4,,,,,2.606,4.524,,,,0.576,
1,3,1,1,I,0,2,3,3,,,,,1.357,1.48,,,,0.916891891891892,
1,3,1,2,A,0,2,3,4,,,,,0.896,2.946,,,,0.304,
1,3,1,2,B,1,3,4,5,,,0.96,0.931,1.034,5.616,,,1.03114930182599,0.184,
1,3,1,2,C,1,2,3,4,,,,,1.146,1.66,,,,0.690361445783133,
1,3,1,2,D,1,2,4,4,,,,,0.428,4.529,,,,0.095,
1,3,1,2,E,0,2,3,4,,,,,0.792,2.144,,,,0.369,
1,3,1,2,F,1,3,4,5,,,1.677,0.993,1.361,5.827,,,1.689,0.234,
1,3,1,2,G,0,2,3,4,,,,,1.104,3.991,,,,0.277,
1,3,1,2,H,2,3,4,5,,,1.862,0.882,2.274,4.894,,,2.111,0.465,
1,3,1,2,I,1,3,4,4,,,0.65,0.682,2.167,4.881,,,0.95307917888563,0.444,
1,3,1,3,A,2,2,3,4,,,,,1.011,4.186,,,,0.242,
1,3,1,3,B,2,2,4,5,,,,,1.845,4.382,,,,0.421,
1,3,1,3,C,0,2,4,4,,,,,1.033,5.567,,,,0.186,
1,3,1,3,D,2,2,3,4,,,,,0.935,2.621,,,,0.357,
1,3,1,3,E,2,3,4,4,,,1.214,1.185,1.565,5.443,,,1.024,0.288,
1,3,1,3,F,0,2,3,4,,,,,1.97,2.844,,,,0.692686357243319,
1,3,1,3,G,1,2,3,4,,,,,1.569,4.509,,,,0.348,
1,3,1,3,H,2,2,3,4,,,,,0.782,3.864,,,,0.202,
1,3,1,3,I,0,0,0,0,,,,,,,,,,,
1,3,1,4,A,2,3,4,4,,,1.11,0.76,0.448,4.164,,,1.46,0.108,
1,3,1,4,B,0,2,4,4,,,,,1.722,4.45,,,,0.386966292134831,
1,3,1,4,C,0,2,3,4,,,,,1.397,2.897,,,,0.482,
1,3,1,4,D,2,3,4,5,,,0.673,1.062,1.401,3.551,,,0.634,0.395,
1,3,1,4,E,0,2,3,4,,,,,1.153,2.424,,,,0.476,
1,3,1,4,F,2,2,4,4,,,,,1.063,4.752,,,,0.224,
1,3,1,4,G,1,2,3,4,,,,,1.241,4.312,,,,0.288,
1,3,1,4,H,2,3,4,5,,,0.822,1.336,0.653,4.189,,,0.615,0.156,
1,3,1,4,I,0,2,3,4,,,,,0.781,1.609,,,,0.485,
1,3,1,5,A,0,2,3,4,,,,,1.341,4.594,,,,0.292,
1,3,1,5,B,0,2,3,4,,,,,2.224,2.622,,,,0.848,
1,3,1,5,C,2,3,4,5,,,1.242,1.298,1.765,5.502,,,0.957,0.321,
1,3,1,5,D,2,3,4,4,,,1.222,1.03,1.663,4.782,,,1.18640776699029,0.348,
1,3,1,5,E,0,2,3,4,,,,,1.159,2.397,,,,0.484,
1,3,1,5,F,1,3,3,4,,,0.579,0.333,1.23,2.442,,,1.739,0.503685503685504,
1,3,1,5,G,2,3,4,4,,,0.632,1.006,0.978,5.801,,,0.628,0.169,
1,3,1,5,H,2,3,4,5,,,1.195,0.758,1.824,4.599,,,1.577,0.397,
1,3,1,5,I,0,2,3,4,,,,,1.012,2.555,,,,0.396,
1,3,1,6,A,2,3,3,4,,,1.17,0.969,2.951,3.969,,,1.20743034055728,0.744,
1,3,1,6,B,0,2,3,5,,,,,1.497,4.335,,,,0.345,
1,3,1,6,C,1,2,3,5,,,,,1.093,2.737,,,,0.399,
1,3,1,6,D,0,2,3,4,,,,,1.32,3.923,,,,0.336477185827173,
1,3,1,6,E,0,2,4,4,,,,,1.13,3.875,,,,0.291612903225806,
1,3,1,6,F,1,2,4,4,,,,,1.282,4.359,,,,0.294,
1,3,1,6,G,1,3,4,5,,,0.935,0.777,1.466,4.704,,,1.203,0.312,
1,3,1,6,H,2,3,4,5,,,0.604,0.789,1.011,4.051,,,0.766,0.250,
1,3,1,6,I,0,3,3,4,,,0.403,0.669,1.212,2.66,,,0.602,0.455639097744361,
1,3,1,7,A,0,2,3,4,,,,,0.882,4.092,,,,0.216,
1,3,1,7,B,2,2,4,5,,,,,2.927,5.797,,,,0.505,
1,3,1,7,C,1,2,4,4,,,,,2.88,4.717,,,,0.610557557769769,
1,3,1,7,D,1,2,3,4,,,,,3.204,3.951,,,,0.811,
1,3,1,7,E,1,2,3,4,,,,,1.256,1.959,,,,0.641,
1,3,1,7,F,1,2,4,5,,,,,3.045,4.427,,,,0.688,
1,3,1,7,G,1,2,3,4,,,,,2.28,3.025,,,,0.753719008264463,
1,3,1,7,H,2,2,3,4,,,,,3.202,4.251,,,,0.753,
1,3,1,7,I,1,2,4,4,,,,,2.265,4.82,,,,0.469917012448133,
1,3,1,8,A,0,2,3,4,,,,,1.246,3.098,,,,0.402,
1,3,1,8,B,0,2,3,4,,,,,1.461,2.473,,,,0.591,
1,3,1,8,C,2,3,4,4,,,1.494,1.125,1.419,4.787,,,1.328,0.296,
1,3,1,8,D,2,3,3,4,,,1.146,0.98,1.111,4.582,,,1.16938775510204,0.242,
1,3,1,8,E,2,3,4,4,,,0.867,1.039,1.794,4.582,,,0.834,0.392,
1,3,1,8,F,2,3,4,4,,,0.797,1.208,0.993,5.947,,,0.660,0.167,
1,3,1,8,G,0,3,3,4,,,0.476,0.431,1.489,2.035,,,1.104,0.732,
1,3,1,8,H,0,0,1,0,,,,,,,,,,,
1,3,1,8,I,1,3,4,5,,,1.448,1.102,,,,,1.314,,
1,3,1,9,A,2,3,4,5,,,1.236,0.918,2.193,2.99,,,1.346,0.733444816053512,
1,3,1,9,B,0,2,4,4,,,,,1.064,4.199,,,,0.253,
1,3,1,9,C,2,3,4,5,,,0.87,1.169,1.098,4.927,,,0.744225834046193,0.223,
1,3,1,9,D,0,2,3,4,,,,,1.762,3.964,,,,0.445,
1,3,1,9,E,1,2,3,4,,,,,1.247,3.512,,,,0.355,
1,3,1,9,F,2,3,4,4,,,0.376,0.473,1.592,3.729,,,0.795,0.427,
1,3,1,9,G,0,2,4,5,,,,,2.272,3.445,,,,0.660,
1,3,1,9,H,2,2,4,5,,,,,1.826,4.252,,,,0.429,
1,3,1,9,I,2,2,4,5,,,,,1.913,3.246,,,,0.589,
1,3,1,10,A,0,2,3,3,,,,,1.122,1.29,,,,0.869767441860465,
1,3,1,10,B,2,3,4,4,,,0.913,0.843,1.207,4.354,,,1.083,0.277,
1,3,1,10,C,2,2,4,5,,,,,2.252,2.754,,,,0.818,
1,3,1,10,D,2,2,4,5,,,,,2.254,4.506,,,,0.500,
1,3,1,10,E,2,2,4,4,,,,,3.365,2.341,,,,1.437,
1,3,1,10,F,1,2,4,5,,,,,1.254,3.879,,,,0.323,
1,3,1,10,G,0,2,4,5,,,,,2.961,4.248,,,,0.697,
1,3,1,10,H,2,3,4,4,,,0.651,0.387,1.921,4.294,,,1.682,0.447,
1,3,1,10,I,2,2,4,5,,,,,1.303,4.808,,,,0.271,
1,1,2,1,A,0,,,,,,,,,,,,,,
1,1,2,1,B,0,,,,,,,,,,,,,,
1,1,2,1,C,0,,,,,,,,,,,,,,
1,1,2,1,D,0,,,,,,,,,,,,,,
1,1,2,1,E,0,,,,,,,,,,,,,,
1,1,2,1,F,0,,,,,,,,,,,,,,
1,1,2,1,G,0,,,,,,,,,,,,,,
1,1,2,1,H,0,,,,,,,,,,,,,,
1,1,2,1,I,0,,,,,,,,,,,,,,
1,1,2,2,A,0,0,3,4,,,,,9.274,4.187,,,,2.215,
1,1,2,2,B,0,2,3,5,,,,,12.7,5.818,,,,2.18288071502234,
1,1,2,2,C,0,0,4,5,,,,,3.508,4.873,,,,0.720,
1,1,2,2,D,0,0,3,5,,,,,12.292,5.475,,,,2.245,
1,1,2,2,E,0,1,3,5,,,,,12.46,5.534,,,,2.25153595952295,
1,1,2,2,F,0,0,3,5,,,,,13.009,4.735,,,,2.747,
1,1,2,2,G,0,2,4,5,,,,,12.222,4.8,,,,2.54625,
1,1,2,2,H,0,2,3,5,,,,,12.761,5.316,,,,2.400,
1,1,2,2,I,0,2,3,5,,,,,13.163,5.581,,,,2.359,
1,1,2,3,A,0,2,3,4,,,,,11.007,3.493,,,,3.151,
1,1,2,3,B,0,2,3,4,,,,,16.735,4.524,,,,3.699,
1,1,2,3,C,0,2,3,5,,,,,16.424,5.279,,,,3.111,
1,1,2,3,D,0,2,3,5,,,,,13.851,3.304,,,,4.192,
1,1,2,3,E,0,2,3,5,,,,,18.173,3.142,,,,5.784,
1,1,2,3,F,0,2,3,5,,,,,16.809,4.212,,,,3.991,
1,1,2,3,G,0,2,3,4,,,,,12.665,1.505,,,,8.415,
1,1,2,3,H,0,2,3,5,,,,,15.613,5.704,,,,2.737,
1,1,2,3,I,0,2,3,4,,,,,16.618,4.958,,,,3.352,
1,1,2,4,A,0,2,4,4,,,,,7.75,4.194,,,,1.84787792083929,
1,1,2,4,B,0,2,4,5,,,,,8.585,5.668,,,,1.515,
1,1,2,4,C,0,2,3,5,,,,,10.377,4.44,,,,2.33716216216216,
1,1,2,4,D,0,3,4,5,,,,,6.054,4.425,,,,1.368,
1,1,2,4,E,0,2,4,5,,,,,15.029,4.668,,,,3.220,
1,1,2,4,F,0,2,4,5,,,,,17.425,6.656,,,,2.618,
1,1,2,4,G,0,2,3,4,,,,,8.697,4.6,,,,1.89065217391304,
1,1,2,4,H,0,2,3,5,,,,,14.862,5.026,,,,2.957,
1,1,2,4,I,0,2,3,5,,,,,14.343,4.979,,,,2.881,
1,1,2,5,A,0,,,,,,,,,,,,,,
1,1,2,5,B,0,,,,,,,,,,,,,,
1,1,2,5,C,0,,,,,,,,,,,,,,
1,1,2,5,D,0,,,,,,,,,,,,,,
1,1,2,5,E,0,,,,,,,,,,,,,,
1,1,2,5,F,0,,,,,,,,,,,,,,
1,1,2,5,G,0,,,,,,,,,,,,,,
1,1,2,5,H,0,,,,,,,,,,,,,,
1,1,2,5,I,0,,,,,,,,,,,,,,
1,1,2,6,A,0,0,3,4,,,,,7.056,3.85,,,,1.83272727272727,
1,1,2,6,B,0,0,0,0,,,,,,,,,,,
1,1,2,6,C,0,1,3,5,,,,,8.533,4.607,,,,1.852,
1,1,2,6,D,0,2,3,5,,,,,14.138,4.463,,,,3.168,
1,1,2,6,E,0,1,3,4,,,,,5.885,1.682,,,,3.499,
1,1,2,6,F,0,0,0,0,,,,,,,,,,,
1,1,2,6,G,0,0,0,0,,,,,,,,,,,
1,1,2,6,H,0,1,3,5,,,,,14.306,4.576,,,,3.126,
1,1,2,6,I,0,1,3,5,,,,,8.448,4.323,,,,1.954,
1,1,2,7,A,0,0,0,0,,,,,,,,,,,
1,1,2,7,B,0,2,3,5,,,,,12.471,5.377,,,,2.319,
1,1,2,7,C,0,0,0,0,,,,,,,,,,,
1,1,2,7,D,0,2,0,0,,,,,,,,,,,
1,1,2,7,E,0,2,3,5,,,,,12.753,4.832,,,,2.639,
1,1,2,7,F,0,2,0,1,,,,,,,,,,,
1,1,2,7,G,0,2,3,4,,,,,14.347,4.727,,,,3.035,
1,1,2,7,H,0,1,3,5,,,,,7.724,3.753,,,,2.058,
1,1,2,7,I,0,2,4,5,,,,,15.606,6.601,,,,2.364,
1,1,2,8,A,0,2,3,4,,,,,7.186,5.925,,,,1.213,
1,1,2,8,B,0,2,3,5,,,,,10.383,4.703,,,,2.208,
1,1,2,8,C,0,2,3,4,,,,,6.91,4.626,,,,1.49373108517077,
1,1,2,8,D,0,2,3,4,,,,,4.297,4.759,,,,0.903,
1,1,2,8,E,0,2,3,4,,,,,6.945,4.373,,,,1.588,
1,1,2,8,F,0,2,3,5,,,,,9.943,4.819,,,,2.063,
1,1,2,8,G,0,2,3,4,,,,,15.057,5.017,,,,3.001,
1,1,2,8,H,0,2,3,5,,,,,9.63,5.479,,,,1.7576200036503,
1,1,2,8,I,0,2,2,5,,,,,2.731,3.259,,,,0.838,
1,1,2,9,A,0,0,0,0,,,,,,,,,,,
1,1,2,9,B,0,1,3,4,,,,,10.238,3.66,,,,2.79726775956284,
1,1,2,9,C,0,0,0,0,,,,,,,,,,,
1,1,2,9,D,0,2,4,5,,,,,15.558,4.979,,,,3.125,
1,1,2,9,E,0,0,0,0,,,,,,,,,,,
1,1,2,9,F,0,2,3,4,,,,,4.795,4.422,,,,1.084,
1,1,2,9,G,0,1,3,4,,,,,9.523,2.849,,,,3.343,
1,1,2,9,H,0,2,3,4,,,,,6.404,2.844,,,,2.252,
1,1,2,9,I,0,1,3,4,,,,,4.672,4.571,,,,1.022,
1,1,2,10,A,0,2,3,4,,,,,12.968,4.972,,,,2.608,
1,1,2,10,B,0,0,2,5,,,,,4.659,2.634,,,,1.769,
1,1,2,10,C,0,2,4,5,,,,,8.088,5.783,,,,1.399,
1,1,2,10,D,0,2,4,5,,,,,9.903,6.707,,,,1.477,
1,1,2,10,E,0,2,3,5,,,,,2.928,5.307,,,,0.552,
1,1,2,10,F,0,2,3,5,,,,,12.13,4.975,,,,2.43819095477387,
1,1,2,10,G,0,0,0,0,,,,,,,,,,,
1,1,2,10,H,0,2,3,4,,,,,7.011,3.712,,,,1.889,
1,1,2,10,I,0,1,4,4,,,,,15.999,3.691,,,,4.335,
1,2,2,1,A,0,0,0,0,,,,,,,,,,,
1,2,2,1,B,0,2,4,5,,,,,19.108,4.983,,,,3.835,
1,2,2,1,C,0,1,3,5,,,,,15.629,4.473,,,,3.494,
1,2,2,1,D,0,2,4,5,,,,,17.026,5.801,,,,2.935,
1,2,2,1,E,0,2,4,5,,,,,14.834,6.296,,,,2.356,
1,2,2,1,F,0,1,3,4,,,,,14.183,4.147,,,,3.420,
1,2,2,1,G,0,1,3,4,,,,,13.705,4.24,,,,3.23231132075472,
1,2,2,1,H,0,0,0,0,,,,,,,,,,,
1,2,2,1,I,0,0,2,4,,,,,11.294,3.166,,,,3.567,
1,2,2,2,A,0,2,3,5,,,,,13.447,4.663,,,,2.884,
1,2,2,2,B,0,0,0,0,,,,,,,,,,,
1,2,2,2,C,0,2,3,4,,,,,8.506,4.43,,,,1.92009029345372,
1,2,2,2,D,0,0,0,0,,,,,,,,,,,
1,2,2,2,E,0,1,3,4,,,,,11.862,4.365,,,,2.718,
1,2,2,2,F,0,1,3,5,,,,,12.869,4.003,,,,3.215,
1,2,2,2,G,0,1,3,4,,,,,9.246,4.898,,,,1.888,
1,2,2,2,H,0,0,0,0,,,,,,,,,,,
1,2,2,2,I,0,2,3,5,,,,,9.919,4.459,,,,2.224,
1,2,2,3,A,0,1,3,4,,,,,11.3,5.221,,,,2.16433633403563,
1,2,2,3,B,0,0,0,0,,,,,,,,,,,
1,2,2,3,C,0,2,3,5,,,,,9.745,4.114,,,,2.369,
1,2,2,3,D,0,1,3,4,,,,,8.995,4.764,,,,1.888,
1,2,2,3,E,0,2,3,5,,,,,13.593,4.615,,,,2.945,
1,2,2,3,F,0,2,3,5,,,,,11.575,3.578,,,,3.235,
1,2,2,3,G,0,2,3,5,,,,,9.962,4.513,,,,2.207,
1,2,2,3,H,0,0,0,0,,,,,,,,,,,
1,2,2,3,I,0,1,3,5,,,,,10.515,3.139,,,,3.350,
1,2,2,4,A,0,0,0,0,,,,,,,,,,,
1,2,2,4,B,0,1,3,4,,,,,10.217,5.583,,,,1.830,
1,2,2,4,C,0,2,4,5,,,,,12.297,5.535,,,,2.222,
1,2,2,4,D,0,0,0,0,,,,,,,,,,,
1,2,2,4,E,0,2,3,4,,,,,10.773,5.205,,,,2.070,
1,2,2,4,F,0,0,0,0,,,,,,,,,,,
1,2,2,4,G,0,1,2,3,,,,,3.591,1.458,,,,2.463,
1,2,2,4,H,0,2,4,4,,,,,12.592,6.741,,,,1.868,
1,2,2,4,I,0,1,3,5,,,,,11.844,4.364,,,,2.714,
1,2,2,5,A,0,2,4,5,,,,,1.524,4.22,,,,0.361137440758294,
1,2,2,5,B,0,1,3,4,,,,,8.15,4.979,,,,1.63687487447279,
1,2,2,5,C,0,2,3,5,,,,,11.475,6.394,,,,1.795,
1,2,2,5,D,0,2,3,5,,,,,17.333,6.351,,,,2.729,
1,2,2,5,E,0,2,4,4,,,,,12.863,4.229,,,,3.042,
1,2,2,5,F,0,2,4,5,,,,,13.312,6.83,,,,1.94904831625183,
1,2,2,5,G,0,2,3,5,,,,,8.143,4.123,,,,1.975,
1,2,2,5,H,0,0,0,0,,,,,,,,,,,
1,2,2,5,I,0,1,3,4,,,,,12.334,4.272,,,,2.887,
1,2,2,6,A,0,1,3,4,,,,,8.546,2.981,,,,2.867,
1,2,2,6,B,0,2,3,4,,,,,10.667,1.734,,,,6.152,
1,2,2,6,C,0,2,3,5,,,,,17.095,4.881,,,,3.502,
1,2,2,6,D,0,1,3,4,,,,,11.861,5.098,,,,2.327,
1,2,2,6,E,0,0,0,0,,,,,,,,,,,
1,2,2,6,F,0,2,3,4,,,,,14.316,5.858,,,,2.444,
1,2,2,6,G,0,2,3,4,,,,,2.177,3.13,,,,0.695527156549521,
1,2,2,6,H,0,2,3,5,,,,,8.129,4.66,,,,1.74442060085837,
1,2,2,6,I,0,0,0,0,,,,,,,,,,,
1,2,2,7,A,0,2,3,5,,,,,13.291,5.461,,,,2.434,
1,2,2,7,B,0,2,4,5,,,,,9.685,5.316,,,,1.822,
1,2,2,7,C,0,1,3,4,,,,,9.151,5.419,,,,1.689,
1,2,2,7,D,0,0,0,0,,,,,,,,,,,
1,2,2,7,E,0,2,3,5,,,,,6.967,4.49,,,,1.55167037861915,
1,2,2,7,F,0,0,0,0,,,,,,,,,,,
1,2,2,7,G,0,2,4,5,,,,,5.744,4.982,,,,1.153,
1,2,2,7,H,0,2,4,5,,,,,6.922,5.433,,,,1.274,
1,2,2,7,I,0,2,3,5,,,,,9.071,4.708,,,,1.927,
1,2,2,8,A,0,0,0,0,,,,,,,,,,,
1,2,2,8,B,0,1,3,4,,,,,11.471,3.551,,,,3.230,
1,2,2,8,C,0,2,3,5,,,,,9.528,3.916,,,,2.433,
1,2,2,8,D,0,1,3,4,,,,,13.111,2.291,,,,5.723,
1,2,2,8,E,0,0,0,0,,,,,,,,,,,
1,2,2,8,F,0,1,3,4,,,,,11.529,3.167,,,,3.640,
1,2,2,8,G,0,0,0,0,,,,,,,,,,,
1,2,2,8,H,0,1,3,4,,,,,10.434,3.575,,,,2.919,
1,2,2,8,I,0,1,3,4,,,,,6.427,4.131,,,,1.556,
1,2,2,9,A,0,0,0,1,,,,,,,,,,,
1,2,2,9,B,0,0,3,4,,,,,4.775,4.375,,,,1.091,
1,2,2,9,C,0,1,3,5,,,,,11.236,4.818,,,,2.332,
1,2,2,9,D,0,2,3,5,,,,,11.725,3.707,,,,3.163,
1,2,2,9,E,0,0,0,0,,,,,,,,,,,
1,2,2,9,F,0,0,0,0,,,,,,,,,,,
1,2,2,9,G,0,1,4,5,,,,,13.376,3.714,,,,3.602,
1,2,2,9,H,0,2,4,5,,,,,11.397,4.805,,,,2.372,
1,2,2,9,I,0,2,3,5,,,,,10.873,6.04,,,,1.80016556291391,
1,2,2,10,A,0,0,0,0,,,,,,,,,,,
1,2,2,10,B,0,2,4,5,,,,,9.541,4.756,,,,2.006,
1,2,2,10,C,0,2,4,5,,,,,13.214,5.622,,,,2.350,
1,2,2,10,D,0,2,4,5,,,,,9.77,5.209,,,,1.87559992320983,
1,2,2,10,E,0,0,2,3,,,,,3.808,2.011,,,,1.894,
1,2,2,10,F,0,2,4,5,,,,,5.8,4.92,,,,1.17886178861789,
1,2,2,10,G,0,0,0,0,,,,,,,,,,,
1,2,2,10,H,0,1,3,5,,,,,9.95,3.523,,,,2.82429747374397,
1,2,2,10,I,0,2,4,4,,,,,7.682,4.504,,,,1.706,
1,3,2,1,A,0,0,3,4,,,,,10.941,4.425,,,,2.473,
1,3,2,1,B,0,0,0,0,,,,,,,,,,,
1,3,2,1,C,0,0,3,3,,,,,10.194,4.575,,,,2.228,
1,3,2,1,D,0,1,3,5,,,,,11.478,5.799,,,,1.979,
1,3,2,1,E,0,0,0,0,,,,,,,,,,,
1,3,2,1,F,0,2,3,4,,,,,10.7,5.178,,,,2.06643491695635,
1,3,2,1,G,0,2,3,4,,,,,8.786,5.674,,,,1.548,
1,3,2,1,H,0,2,4,5,,,,,7.348,7.332,,,,1.002,
1,3,2,1,I,0,2,3,5,,,,,12.674,6.386,,,,1.985,
1,3,2,2,A,0,0,0,0,,,,,,,,,,,
1,3,2,2,B,0,2,4,5,,,,,2.613,4.199,,,,0.622,
1,3,2,2,C,0,0,0,0,,,,,,,,,,,
1,3,2,2,D,0,2,3,5,,,,,11.641,6.562,,,,1.774,
1,3,2,2,E,0,2,4,5,,,,,13.149,6.621,,,,1.986,
1,3,2,2,F,0,2,3,5,,,,,10.393,3.637,,,,2.858,
1,3,2,2,G,0,2,4,4,,,,,3.605,5.611,,,,0.642,
1,3,2,2,H,0,1,2,4,,,,,8.224,5.247,,,,1.567,
1,3,2,2,I,0,2,3,5,,,,,12.465,5.021,,,,2.483,
1,3,2,3,A,0,0,3,4,,,,,7.699,4.29,,,,1.79463869463869,
1,3,2,3,B,0,2,3,5,,,,,11.898,5.431,,,,2.191,
1,3,2,3,C,0,2,3,5,,,,,14.919,6.428,,,,2.321,
1,3,2,3,D,0,0,0,0,,,,,,,,,,,
1,3,2,3,E,0,0,0,0,,,,,,,,,,,
1,3,2,3,F,0,1,3,4,,,,,9.219,5.862,,,,1.573,
1,3,2,3,G,0,1,3,4,,,,,9.152,5.37,,,,1.70428305400372,
1,3,2,3,H,0,2,3,4,,,,,14.828,5.481,,,,2.705,
1,3,2,3,I,0,2,3,5,,,,,12.634,3.655,,,,3.457,
1,3,2,4,A,0,2,4,5,,,,,8.774,6.692,,,,1.311,
1,3,2,4,B,0,1,3,5,,,,,6.672,4.948,,,,1.348,
1,3,2,4,C,0,0,0,0,,,,,,,,,,,
1,3,2,4,D,0,0,0,0,,,,,,,,,,,
1,3,2,4,E,0,1,3,4,,,,,9.378,4.589,,,,2.044,
1,3,2,4,F,0,2,4,5,,,,,8.54,6.028,,,,1.41672196416722,
1,3,2,4,G,0,1,3,4,,,,,8.127,5.522,,,,1.472,
1,3,2,4,H,0,2,4,5,,,,,6.176,5.428,,,,1.138,
1,3,2,4,I,0,2,4,5,,,,,7.829,5.784,,,,1.354,
1,3,2,5,A,0,1,3,4,,,,,14.7,5.164,,,,2.84663051897754,
1,3,2,5,B,0,2,4,5,,,,,11.829,7.501,,,,1.577,
1,3,2,5,C,0,0,0,0,,,,,,,,,,,
1,3,2,5,D,0,2,3,4,,,,,15.108,6.442,,,,2.345,
1,3,2,5,E,0,2,3,5,,,,,10.057,5.891,,,,1.707,
1,3,2,5,F,0,2,3,5,,,,,7.364,6.357,,,,1.158,
1,3,2,5,G,0,2,4,4,,,,,9.494,4.656,,,,2.039,
1,3,2,5,H,0,2,4,5,,,,,6.861,5.927,,,,1.158,
1,3,2,5,I,0,1,3,5,,,,,9.354,5.67,,,,1.64973544973545,
1,3,2,6,A,0,0,0,0,,,,,,,,,,,
1,3,2,6,B,0,2,3,4,,,,,8.06,7.092,,,,1.13649182177101,
1,3,2,6,C,0,0,1,0,,,,,,,,,,,
1,3,2,6,D,0,0,0,0,,,,,,,,,,,
1,3,2,6,E,0,2,3,5,,,,,8.603,6.544,,,,1.315,
1,3,2,6,F,0,2,3,5,,,,,10.227,7.483,,,,1.367,
1,3,2,6,G,0,2,3,5,,,,,6.841,5.778,,,,1.184,
1,3,2,6,H,0,2,4,5,,,,,9.917,7.814,,,,1.269,
1,3,2,6,I,0,2,4,5,,,,,9.704,7.235,,,,1.341,
1,3,2,7,A,0,2,3,5,,,,,5.458,6.604,,,,0.826,
1,3,2,7,B,0,2,3,5,,,,,8.885,5.142,,,,1.728,
1,3,2,7,C,0,2,4,5,,,,,6.82,6.306,,,,1.08150967332699,
1,3,2,7,D,0,0,0,0,,,,,,,,,,,
1,3,2,7,E,0,2,4,5,,,,,8.76,6.439,,,,1.36045969871098,
1,3,2,7,F,0,2,4,5,,,,,9.219,6.3,,,,1.46333333333333,
1,3,2,7,G,0,0,0,0,,,,,,,,,,,
1,3,2,7,H,0,1,4,5,,,,,7.937,5.847,,,,1.357,
1,3,2,7,I,0,2,4,5,,,,,9.45,5.051,,,,1.87091665016828,
1,3,2,8,A,0,0,0,0,,,,,,,,,,,
1,3,2,8,B,0,1,3,4,,,,,11.459,4.413,,,,2.597,
1,3,2,8,C,0,1,3,4,,,,,7.723,6.355,,,,1.215,
1,3,2,8,D,0,2,3,5,,,,,11.974,6.968,,,,1.718,
1,3,2,8,E,0,0,0,0,,,,,,,,,,,
1,3,2,8,F,0,1,3,4,,,,,8.463,5.78,,,,1.46418685121107,
1,3,2,8,G,0,2,3,5,,,,,10.663,4.206,,,,2.535,
1,3,2,8,H,0,0,0,0,,,,,,,,,,,
1,3,2,8,I,0,2,4,5,,,,,9.138,4.933,,,,1.852,
1,3,2,9,A,0,0,0,0,,,,,,,,,,,
1,3,2,9,B,0,2,3,5,,,,,11.87,4.585,,,,2.58887677208288,
1,3,2,9,C,0,0,0,0,,,,,,,,,,,
1,3,2,9,D,0,2,4,5,,,,,11.864,5.873,,,,2.020,
1,3,2,9,E,0,2,3,5,,,,,14.054,5.326,,,,2.639,
1,3,2,9,F,0,2,3,4,,,,,12.158,6.047,,,,2.011,
1,3,2,9,G,0,2,4,5,,,,,9.276,4.803,,,,1.931,
1,3,2,9,H,0,0,0,0,,,,,,,,,,,
1,3,2,9,I,0,2,3,5,,,,,15.729,8.138,,,,1.933,
1,3,2,10,A,0,2,4,5,,,,,10.343,6.748,,,,1.533,
1,3,2,10,B,0,1,3,4,,,,,7.61,5.803,,,,1.31139066000345,
1,3,2,10,C,0,2,3,5,,,,,12.428,6.064,,,,2.049,
1,3,2,10,D,0,0,0,0,,,,,,,,,,,
1,3,2,10,E,0,2,4,5,,,,,8.434,6.373,,,,1.323,
1,3,2,10,F,0,2,3,5,,,,,12.824,6.327,,,,2.027,
1,3,2,10,G,0,1,3,5,,,,,11.187,4.919,,,,2.274,
1,3,2,10,H,0,0,0,0,,,,,,,,,,,
1,3,2,10,I,0,2,4,5,,,,,11.327,6.512,,,,1.739,
1,1,3,1,A,0,3,4,5,,,5.367,3.064,6.86,5.046,,,1.752,1.35949266745937,
1,1,3,1,B,0,3,4,5,,,5.524,1.793,9.736,4.133,,,3.081,2.356,
1,1,3,1,C,0,3,4,5,,,4.479,2.76,9.804,4.48,,,1.62282608695652,2.18839285714286,
1,1,3,1,D,0,3,4,5,,,5.641,3.419,7.21,4.838,,,1.650,1.49028524183547,
1,1,3,1,E,0,3,4,5,,,5.618,3.43,7.16,4.478,,,1.63790087463557,1.59892809289862,
1,1,3,1,F,0,3,4,5,,,6.001,3.389,8.949,5,,,1.771,1.7898,
1,1,3,1,G,0,3,4,5,,,5.283,2.977,10.721,3.918,,,1.775,2.736,
1,1,3,1,H,0,3,4,5,,,5.517,1.872,7.166,3.401,,,2.947,2.107,
1,1,3,1,I,0,3,4,5,,,4.699,3.284,9.209,4.619,,,1.431,1.994,
1,1,3,2,A,0,3,4,5,,,8.117,3.701,6.646,5.151,,,2.193,1.290,
1,1,3,2,B,0,3,4,5,,,6.535,3.558,9.473,4.99,,,1.837,1.89839679358717,
1,1,3,2,C,0,3,4,5,,,6.152,4.128,5.191,5.124,,,1.490,1.013,
1,1,3,2,D,0,3,4,5,,,7.123,2.944,6.776,4.886,,,2.419,1.387,
1,1,3,2,E,0,3,4,5,,,5.907,2.687,4.691,2.987,,,2.198,1.570,
1,1,3,2,F,0,3,4,5,,,7,2.881,5.619,4.042,,,2.42971190558834,1.390,
1,1,3,2,G,0,3,4,5,,,6.16,4.156,8.518,5.079,,,1.48219441770934,1.677,
1,1,3,2,H,0,3,4,5,,,3.87,3.186,6.423,3.943,,,1.21468926553672,1.629,
1,1,3,2,I,0,3,4,5,,,6.066,4.227,8.813,4.376,,,1.435,2.014,
1,1,3,3,A,0,3,4,5,,,1.706,2.854,7.253,3.449,,,0.598,2.103,
1,1,3,3,B,0,3,4,4,,,4.085,1.765,6.617,3.565,,,2.314,1.856,
1,1,3,3,C,0,3,4,5,,,5.966,2.963,7.644,3.657,,,2.013,2.090,
1,1,3,3,D,0,3,4,5,,,5.33,2.903,10.214,4.391,,,1.83603169135377,2.326,
1,1,3,3,E,0,3,4,4,,,2.781,3.23,10.617,4.101,,,0.860990712074303,2.589,
1,1,3,3,F,0,3,4,5,,,5.239,1.584,6.115,4.311,,,3.307,1.418,
1,1,3,3,G,0,3,4,5,,,5.05,2.613,9.051,4.15,,,1.9326444699579,2.18096385542169,
1,1,3,3,H,0,3,4,5,,,4.683,3.069,9.038,4.473,,,1.526,2.021,
1,1,3,3,I,0,3,4,5,,,5.182,3.021,9.39,4.384,,,1.715,2.1418795620438,
1,1,3,4,A,0,3,4,5,,,6.147,3.603,9.744,4.814,,,1.706,2.024,
1,1,3,4,B,0,3,4,5,,,6.907,3.335,9.192,5.321,,,2.071,1.727,
1,1,3,4,C,0,3,4,5,,,6.494,2.921,11.053,3.814,,,2.223,2.898,
1,1,3,4,D,0,3,4,5,,,7.083,3.212,10.899,5.049,,,2.205,2.159,
1,1,3,4,E,0,3,4,5,,,6.586,3.043,10.353,3.763,,,2.164,2.751,
1,1,3,4,F,0,3,4,5,,,4.654,3.85,8.71,4.276,,,1.20883116883117,2.03695042095416,
1,1,3,4,G,0,3,4,5,,,2.935,3.763,11.135,4.823,,,0.780,2.309,
1,1,3,4,H,0,3,4,5,,,4.689,2.452,8.672,3.93,,,1.912,2.20661577608142,
1,1,3,4,I,0,3,4,5,,,6.022,3.709,10.682,4.881,,,1.624,2.188,
1,1,3,5,A,0,3,4,5,,,5.463,3.315,10.881,4.207,,,1.648,2.586,
1,1,3,5,B,0,3,4,5,,,5.826,2.777,7.405,3.045,,,2.098,2.432,
1,1,3,5,C,0,3,4,5,,,4.272,3.439,8.69,5.143,,,1.242,1.68967528679759,
1,1,3,5,D,0,3,4,5,,,6.031,2.151,7.786,3.245,,,2.804,2.399,
1,1,3,5,E,0,3,4,5,,,4.882,2.865,8.527,3.142,,,1.704,2.714,
1,1,3,5,F,0,3,4,5,,,5.721,2.781,8.816,4.615,,,2.057,1.910,
1,1,3,5,G,0,3,4,4,,,4.045,3.137,12.929,3.892,,,1.289,3.322,
1,1,3,5,H,0,3,4,5,,,5.846,2.397,11.967,4.878,,,2.439,2.453,
1,1,3,5,I,0,3,4,5,,,5.123,3.386,11.292,4.99,,,1.513,2.26292585170341,
1,1,3,6,A,0,3,4,5,,,6.459,3.373,10.137,4.157,,,1.915,2.439,
1,1,3,6,B,0,3,4,5,,,3.784,3.173,10.032,2.418,,,1.193,4.149,
1,1,3,6,C,0,3,4,5,,,3.545,3.502,8.729,3.751,,,1.012,2.327,
1,1,3,6,D,0,3,4,5,,,4.664,3.242,9.689,4.06,,,1.439,2.38645320197044,
1,1,3,6,E,0,3,4,5,,,3.975,2.407,8.511,2.877,,,1.651,2.958,
1,1,3,6,F,0,3,4,5,,,4.797,2.591,8.835,2.74,,,1.851,3.22445255474453,
1,1,3,6,G,0,3,4,5,,,1.907,3.985,10.894,3.976,,,0.479,2.740,
1,1,3,6,H,0,3,4,5,,,1.814,3.208,4.031,3.521,,,0.565,1.145,
1,1,3,6,I,0,3,4,5,,,4.729,3.745,9.828,4.724,,,1.263,2.080,
1,1,3,7,A,0,3,4,5,,,5.125,3.714,15.775,5.138,,,1.380,3.070,
1,1,3,7,B,0,3,4,5,,,4.986,3.487,10.241,4.746,,,1.430,2.158,
1,1,3,7,C,0,3,4,5,,,3.56,3.63,8.463,3.254,,,0.98,2.601,
1,1,3,7,D,0,3,4,5,,,3.613,3.244,10.218,4.161,,,1.114,2.456,
1,1,3,7,E,0,3,4,5,,,4.495,3.003,6.667,3.074,,,1.497,2.169,
1,1,3,7,F,0,3,4,5,,,2.844,2.573,7.211,3.994,,,1.105,1.805,
1,1,3,7,G,0,3,4,5,,,3.35,2.958,9.153,4.56,,,1.13252197430696,2.00723684210526,
1,1,3,7,H,0,3,4,5,,,3.361,2.619,8.675,4.485,,,1.283,1.934,
1,1,3,7,I,0,3,4,5,,,4.424,3.229,9.014,3.959,,,1.370,2.277,
1,1,3,8,A,0,3,4,5,,,3.513,3.168,3.001,3.334,,,1.109,0.900,
1,1,3,8,B,0,3,4,5,,,3.444,2.98,6.133,4.356,,,1.15570469798658,1.408,
1,1,3,8,C,0,3,4,5,,,3.01,3.052,9.707,5.231,,,0.986238532110092,1.856,
1,1,3,8,D,0,3,4,5,,,2.969,2.779,9.763,4.35,,,1.068,2.24436781609195,
1,1,3,8,E,0,3,4,5,,,4.009,3.11,7.099,2.477,,,1.28906752411576,2.866,
1,1,3,8,F,0,3,4,5,,,4.544,3.402,4.901,4.238,,,1.336,1.156,
1,1,3,8,G,0,3,4,5,,,6.058,3.371,11.57,2.102,,,1.797,5.50428163653663,
1,1,3,8,H,0,3,4,5,,,5.089,3.118,8.764,3.706,,,1.632,2.365,
1,1,3,8,I,0,3,4,5,,,4.831,3.288,11.481,3.404,,,1.469,3.373,
1,1,3,9,A,0,3,4,5,,,5.165,3.392,8.03,2.426,,,1.523,3.30997526793075,
1,1,3,9,B,0,3,4,5,,,5.317,3.306,9.076,3.261,,,1.608,2.783,
1,1,3,9,C,0,3,4,5,,,5.861,2.889,10.412,3.087,,,2.029,3.373,
1,1,3,9,D,0,3,4,5,,,5.812,3.707,8.452,4.041,,,1.568,2.092,
1,1,3,9,E,0,3,4,4,,,5.128,3.245,4.708,3.659,,,1.580,1.287,
1,1,3,9,F,0,3,4,5,,,5.557,3.118,10.518,4.181,,,1.782,2.516,
1,1,3,9,G,0,3,4,5,,,5.702,3.394,10.181,4.713,,,1.680,2.160,
1,1,3,9,H,0,3,4,5,,,5.142,2.469,6.826,3.686,,,2.083,1.852,
1,1,3,9,I,0,3,4,5,,,3.33,2.57,4.462,2.927,,,1.30,1.524,
1,1,3,10,A,0,3,4,5,,,5.35,2.428,3.58,3.31,,,2.20345963756178,1.08,
1,1,3,10,B,0,3,4,5,,,5.684,2.684,6.443,2.27,,,2.118,2.83832599118943,
1,1,3,10,C,0,3,4,5,,,5.5,3.163,3.849,4.838,,,1.73885551691432,0.796,
1,1,3,10,D,0,0,0,0,,,,,3.253,3.346,,,,0.972,
1,1,3,10,E,0,3,4,5,,,6.042,3.096,,,,,1.952,,
1,1,3,10,F,0,3,4,5,,,5.692,3.611,3.876,4.355,,,1.576,0.890,
1,1,3,10,G,0,3,4,5,,,5.957,2.574,5.225,3.1,,,2.314,1.68548387096774,
1,1,3,10,H,0,3,4,5,,,4.721,2.056,7.058,3.006,,,2.296,2.348,
1,1,3,10,I,0,3,4,5,,,4.235,2.213,4.793,4.169,,,1.914,1.150,
1,2,3,1,A,0,3,4,5,,,5.747,3.148,10.914,2.159,,,1.826,5.055,
1,2,3,1,B,0,3,4,5,,,4.289,2.688,11.19,3.699,,,1.596,3.02514193025142,
1,2,3,1,C,0,3,4,5,,,5.224,3.044,7.386,4.122,,,1.716,1.792,
1,2,3,1,D,0,3,4,5,,,6.948,3.182,12.322,3.172,,,2.184,3.885,
1,2,3,1,E,0,3,4,5,,,5.092,2.744,11.806,3.993,,,1.856,2.957,
1,2,3,1,F,0,3,4,4,,,5.494,2.188,6.229,2.967,,,2.511,2.099,
1,2,3,1,G,0,3,4,5,,,7.212,3.241,8.749,4.658,,,2.225,1.878,
1,2,3,1,H,0,3,4,5,,,2.386,2.968,10.649,3.29,,,0.804,3.23677811550152,
1,2,3,1,I,0,3,4,5,,,3.661,3.741,11.587,4.032,,,0.979,2.874,
1,2,3,2,A,0,3,4,5,,,5.438,3.592,7.323,4.556,,,1.514,1.607,
1,2,3,2,B,0,3,4,5,,,6.348,4.215,10.561,5.771,,,1.506,1.830,
1,2,3,2,C,0,3,4,5,,,3.596,3.52,7.531,3.819,,,1.02159090909091,1.972,
1,2,3,2,D,0,3,4,5,,,3.275,3.643,6.374,2.6,,,0.899,2.45153846153846,
1,2,3,2,E,0,3,4,5,,,5.709,3.855,8.594,4.765,,,1.481,1.804,
1,2,3,2,F,0,3,4,5,,,5.454,2.913,8.838,2.473,,,1.872,3.574,
1,2,3,2,G,0,3,4,4,,,4.929,3.45,5.202,4.362,,,1.42869565217391,1.193,
1,2,3,2,H,0,3,4,5,,,4.311,3.098,6.249,4.304,,,1.392,1.452,
1,2,3,2,I,0,3,4,5,,,4.708,3.819,9.939,4.944,,,1.233,2.010,
1,2,3,3,A,0,3,4,5,,,5.69,4.059,9.581,4.419,,,1.40182310914018,2.168,
1,2,3,3,B,0,3,4,5,,,5.41,3.519,11.046,4.679,,,1.53736857061665,2.361,
1,2,3,3,C,0,3,4,5,,,4.559,3.122,10.867,4.175,,,1.460,2.603,
1,2,3,3,D,0,3,4,5,,,6.384,3.749,11.116,4.711,,,1.703,2.360,
1,2,3,3,E,0,3,4,5,,,4.596,4.178,12.047,4.825,,,1.100,2.497,
1,2,3,3,F,0,3,4,5,,,5.725,3.094,10.001,3.39,,,1.850,2.95014749262537,
1,2,3,3,G,0,3,4,5,,,4.461,2.84,8.339,4.415,,,1.57077464788732,1.889,
1,2,3,3,H,0,3,4,5,,,4.562,3.375,8.599,4.686,,,1.352,1.835,
1,2,3,3,I,0,3,4,4,,,5.028,3.329,9.248,4.436,,,1.510,2.085,
1,2,3,4,A,0,3,4,5,,,5.975,3.713,11.902,4.483,,,1.609,2.655,
1,2,3,4,B,0,3,4,5,,,4.997,3.396,8.241,3.994,,,1.471,2.063,
1,2,3,4,C,0,3,4,5,,,5.992,2.934,10.511,2.787,,,2.042,3.771,
1,2,3,4,D,0,3,4,5,,,4.069,3.456,12.632,4.359,,,1.177,2.898,
1,2,3,4,E,0,3,4,5,,,2.289,3.19,10.316,4.386,,,0.717554858934169,2.352,
1,2,3,4,F,0,3,4,5,,,5.03,2.873,13.025,2.647,,,1.75078315349809,4.921,
1,2,3,4,G,0,3,4,5,,,3.7,3.557,11.539,4.94,,,1.04020241776778,2.33582995951417,
1,2,3,4,H,0,3,4,5,,,5.303,3.842,11.941,4.278,,,1.380,2.791,
1,2,3,4,I,0,3,4,5,,,6.037,2.567,9.282,3.778,,,2.352,2.457,
1,2,3,5,A,0,3,4,5,,,2.673,3.085,8.145,3.448,,,0.866,2.362,
1,2,3,5,B,0,3,4,5,,,5.364,3.066,7.805,3.968,,,1.750,1.967,
1,2,3,5,C,0,3,4,5,,,5.489,2.97,8.274,3.922,,,1.84814814814815,2.110,
1,2,3,5,D,0,3,4,5,,,4.376,2.38,10.323,4.345,,,1.83865546218487,2.376,
1,2,3,5,E,0,3,4,5,,,3.995,2.474,8.655,2.15,,,1.615,4.02558139534884,
1,2,3,5,F,0,3,4,5,,,4.511,2.346,8.154,4.118,,,1.923,1.980,
1,2,3,5,G,0,3,4,5,,,4.662,3.171,10.05,4.378,,,1.470,2.29556875285519,
1,2,3,5,H,0,3,4,5,,,5.55,3.272,10.263,3.535,,,1.69621026894866,2.903,
1,2,3,5,I,0,3,4,5,,,2.837,2.614,6.644,3.262,,,1.085,2.037,
1,2,3,6,A,0,3,4,5,,,3.295,3.438,10.952,4.903,,,0.958,2.234,
1,2,3,6,B,0,3,4,5,,,3.491,2.888,7.84,4.433,,,1.209,1.76855402661854,
1,2,3,6,C,0,3,4,5,,,4.482,3.467,11.262,5.448,,,1.293,2.067,
1,2,3,6,D,0,3,4,5,,,3.962,3.354,9.436,3.971,,,1.181,2.376,
1,2,3,6,E,0,3,4,5,,,4.827,2.76,10.339,4.491,,,1.74891304347826,2.302,
1,2,3,6,F,0,3,4,5,,,4.765,3.191,11.297,4.604,,,1.493,2.454,
1,2,3,6,G,0,3,4,5,,,4.654,3.517,8.377,4.203,,,1.323,1.993,
1,2,3,6,H,0,3,4,5,,,5.014,2.725,8.932,3.815,,,1.840,2.341,
1,2,3,6,I,0,3,4,5,,,2.275,2.695,11.288,2.199,,,0.844,5.133,
1,2,3,7,A,0,3,4,5,,,4.167,3.866,9.987,3.665,,,1.078,2.725,
1,2,3,7,B,0,3,4,5,,,3.332,3.545,10.203,4.708,,,0.940,2.167,
1,2,3,7,C,0,3,4,5,,,1.661,3.609,7.03,3.218,,,0.460,2.18458669981355,
1,2,3,7,D,0,3,4,5,,,5.065,3.544,10.135,3.22,,,1.429,3.14751552795031,
1,2,3,7,E,0,3,4,5,,,4.276,3.65,10.282,5.061,,,1.17150684931507,2.032,
1,2,3,7,F,0,3,4,5,,,2.348,3.693,11.312,4.513,,,0.636,2.507,
1,2,3,7,G,0,3,4,5,,,4.102,4.004,10.96,4.595,,,1.024,2.38520130576714,
1,2,3,7,H,0,3,4,5,,,3.053,3.308,10.399,3.889,,,0.923,2.674,
1,2,3,7,I,0,3,4,5,,,2.464,3.338,10.111,4.208,,,0.738,2.403,
1,2,3,8,A,0,4,4,5,,,6.263,3.563,10.185,5.039,,,1.758,2.021,
1,2,3,8,B,0,3,4,5,,,6.214,2.908,11.793,4.044,,,2.137,2.916,
1,2,3,8,C,0,3,4,5,,,3.374,3.293,9.372,4.512,,,1.025,2.077,
1,2,3,8,D,0,3,4,5,,,0.9,3.095,10.913,2.75,,,0.290791599353796,3.96836363636364,
1,2,3,8,E,0,3,4,5,,,5.25,2.995,8.562,3.876,,,1.75292153589316,2.209,
1,2,3,8,F,0,3,4,5,,,3.299,2.413,8.431,4.01,,,1.367,2.10249376558603,
1,2,3,8,G,0,3,4,5,,,3.062,3.189,11.027,5.197,,,0.960,2.122,
1,2,3,8,H,0,3,4,5,,,3.07,2.902,7.332,4.48,,,1.0578911095796,1.63660714285714,
1,2,3,8,I,0,3,4,5,,,2.375,3.411,7.516,3.13,,,0.696,2.40127795527157,
1,2,3,9,A,0,3,4,5,,,2.837,3.231,9.227,3.952,,,0.878,2.335,
1,2,3,9,B,0,3,4,5,,,1.941,2.543,7.709,2.891,,,0.763,2.667,
1,2,3,9,C,0,3,4,4,,,4.479,2.362,3.997,2.788,,,1.896,1.434,
1,2,3,9,D,0,3,4,5,,,5.504,4.11,8.241,4.137,,,1.33917274939173,1.992,
1,2,3,9,E,0,3,4,5,,,4.854,3.223,10.28,4.024,,,1.506,2.55467196819085,
1,2,3,9,F,0,3,4,5,,,2.979,3.851,8.013,4.347,,,0.774,1.843,
1,2,3,9,G,0,3,4,5,,,1.906,3.261,5.556,3.035,,,0.584,1.831,
1,2,3,9,H,0,3,4,5,,,2.898,3.326,6.421,4.199,,,0.871,1.529,
1,2,3,9,I,0,3,4,5,,,5.789,3.884,7.292,2.558,,,1.490,2.851,
1,2,3,10,A,0,3,4,5,,,6.203,3.492,7.713,4.362,,,1.776,1.768,
1,2,3,10,B,0,3,4,5,,,4.282,3.158,9.017,4.663,,,1.356,1.934,
1,2,3,10,C,0,3,4,5,,,3.825,3.465,6.157,4.556,,,1.104,1.351,
1,2,3,10,D,0,3,4,5,,,5.398,3.08,3.69,3.125,,,1.7525974025974,1.1808,
1,2,3,10,E,0,3,4,5,,,4.501,3.992,5.192,4.166,,,1.128,1.246,
1,2,3,10,F,0,3,4,5,,,4.373,3.642,5.469,4.465,,,1.201,1.225,
1,2,3,10,G,0,3,4,5,,,3.792,3.273,8.65,5.168,,,1.159,1.67376160990712,
1,2,3,10,H,0,3,4,5,,,3.52,3.103,7.294,4.225,,,1.13438607798904,1.726,
1,2,3,10,I,0,3,4,4,,,2.283,3.553,9.736,4.918,,,0.643,1.980,
1,3,3,1,A,0,3,4,5,,,2.795,4.11,6.776,5.528,,,0.680048661800487,1.226,
1,3,3,1,B,0,3,4,5,,,4.846,2.921,6.647,2.76,,,1.659,2.40833333333333,
1,3,3,1,C,0,3,4,5,,,3.67,3.419,6.013,2.969,,,1.07341327873647,2.025,
1,3,3,1,D,0,3,4,5,,,4.703,3.985,6.747,5.81,,,1.180,1.16127366609294,
1,3,3,1,E,0,3,4,5,,,4.974,3.35,7.954,4.638,,,1.48477611940299,1.715,
1,3,3,1,F,0,3,4,5,,,4.965,3.421,7.527,4.903,,,1.451,1.535,
1,3,3,1,G,0,3,4,5,,,2.962,2.751,4.545,5.155,,,1.077,0.882,
1,3,3,1,H,0,0,0,0,,,,,,,,,,,
1,3,3,1,I,0,3,4,5,,,4.517,4.698,8.424,5.504,,,0.961,1.531,
1,3,3,2,A,0,3,4,5,,,5.35,3.864,8.569,3.982,,,1.38457556935818,2.152,
1,3,3,2,B,0,3,4,5,,,5.701,3.868,9.258,5.156,,,1.474,1.796,
1,3,3,2,C,0,3,4,5,,,4.432,3.145,8.502,4.262,,,1.409,1.995,
1,3,3,2,D,0,3,4,5,,,4.065,2.89,6.708,3.944,,,1.40657439446367,1.701,
1,3,3,2,E,0,3,4,5,,,4.922,3.268,7.026,4.871,,,1.506,1.442,
1,3,3,2,F,0,3,4,5,,,4.846,3.122,7.194,4.248,,,1.552,1.694,
1,3,3,2,G,0,3,4,5,,,4.264,3.23,4.869,4.791,,,1.32012383900929,1.016,
1,3,3,2,H,0,3,4,5,,,4.48,3.221,5.247,5.105,,,1.39087239987581,1.028,
1,3,3,2,I,0,3,4,5,,,1.658,2.629,4.691,4.838,,,0.631,0.970,
1,3,3,3,A,0,3,4,5,,,2.708,3.465,7.56,5.144,,,0.782,1.4696734059098,
1,3,3,3,B,0,3,4,5,,,1.516,3.928,8.367,4.415,,,0.386,1.895,
1,3,3,3,C,0,3,4,5,,,4.811,3.613,8.112,3.978,,,1.332,2.039,
1,3,3,3,D,0,3,4,5,,,6.293,3.27,8.805,4.815,,,1.92446483180428,1.829,
1,3,3,3,E,0,3,4,5,,,5.219,3.922,6.883,4.688,,,1.331,1.468,
1,3,3,3,F,0,3,4,5,,,4.791,3.374,5.867,2.795,,,1.420,2.099,
1,3,3,3,G,0,3,4,5,,,5.007,4.297,6.959,5.04,,,1.165,1.38075396825397,
1,3,3,3,H,0,3,4,5,,,3.371,3.652,8.344,4.814,,,0.923,1.733,
1,3,3,3,I,0,3,4,5,,,4.757,4.488,5.702,5.027,,,1.060,1.134,
1,3,3,4,A,0,3,4,5,,,4.192,3.639,2.647,3.287,,,1.152,0.805,
1,3,3,4,B,0,3,4,5,,,5.091,2.769,4.239,4.06,,,1.839,1.04408866995074,
1,3,3,4,C,0,3,4,5,,,4.987,3.336,7.696,5.731,,,1.495,1.343,
1,3,3,4,D,0,3,4,5,,,4.815,4.21,2.836,3.682,,,1.1437054631829,0.770,
1,3,3,4,E,0,3,4,5,,,4.669,3.355,4.799,3.234,,,1.392,1.484,
1,3,3,4,F,0,3,4,5,,,5.635,2.809,5.47,3.267,,,2.006,1.67431894704622,
1,3,3,4,G,0,3,4,5,,,3.645,3.293,4.386,5.603,,,1.107,0.783,
1,3,3,4,H,0,3,4,5,,,5.032,3.38,6.571,5.374,,,1.4887573964497,1.223,
1,3,3,4,I,0,3,4,5,,,5.134,3.808,6.443,3.701,,,1.348,1.741,
1,3,3,5,A,0,3,4,5,,,3.165,3.952,7.233,5.317,,,0.801,1.360,
1,3,3,5,B,0,3,4,5,,,4.842,3.555,7.427,5.138,,,1.362,1.446,
1,3,3,5,C,0,3,4,5,,,3.498,3.785,5.322,4.211,,,0.924,1.264,
1,3,3,5,D,0,3,4,5,,,4.874,3.961,4.054,3.809,,,1.230,1.064,
1,3,3,5,E,0,3,4,5,,,4.839,3.285,6.092,3.714,,,1.473,1.640,
1,3,3,5,F,0,3,4,5,,,5.479,2.923,6.172,2.583,,,1.874,2.389,
1,3,3,5,G,0,3,4,5,,,5.722,3.508,5.258,5.579,,,1.631,0.942,
1,3,3,5,H,0,3,4,5,,,3.8,2.638,6.366,5.379,,,1.44048521607278,1.183,
1,3,3,5,I,0,2,0,0,,,,,,,,,,,
1,3,3,6,A,0,3,4,5,,,3.758,4.104,9.096,5.168,,,0.916,1.760,
1,3,3,6,B,0,3,4,5,,,1.858,3.179,7.02,4.843,,,0.584,1.4495147635763,
1,3,3,6,C,0,3,4,6,,,0.88,2.351,7.719,3.465,,,0.37430880476393,2.228,
1,3,3,6,D,0,3,4,5,,,2.281,3.873,7.542,5.146,,,0.589,1.466,
1,3,3,6,E,0,3,4,5,,,4.129,4.119,10.771,5.092,,,1.002,2.115,
1,3,3,6,F,0,3,4,5,,,2.23,2.9,7.873,5.541,,,0.768965517241379,1.421,
1,3,3,6,G,0,3,4,5,,,4.699,3.272,6.847,5.276,,,1.436,1.298,
1,3,3,6,H,0,0,0,0,,,4.105,3.175,,,,,1.293,,
1,3,3,6,I,0,3,4,4,,,,,6.437,5.039,,,,1.277,
1,3,3,7,A,0,3,4,5,,,4.017,3.991,6.157,5.032,,,1.007,1.224,
1,3,3,7,B,0,3,4,5,,,3.905,4.2211,6.462,4.746,,,0.925114306697306,1.362,
1,3,3,7,C,0,3,4,5,,,2.361,3.812,6.635,4.964,,,0.619,1.337,
1,3,3,7,D,0,3,4,5,,,2.925,3.439,5.92,4.669,,,0.851,1.26793745984151,
1,3,3,7,E,0,3,4,5,,,5.093,3.506,6.965,4.634,,,1.453,1.503,
1,3,3,7,F,0,3,3,3,,,1.112,1.214,2.129,1.481,,,0.916,1.438,
1,3,3,7,G,0,3,4,5,,,2.891,3.837,5.695,4.741,,,0.753,1.201,
1,3,3,7,H,0,3,4,5,,,5.117,2.385,6.614,3.13,,,2.145,2.11309904153355,
1,3,3,7,I,0,3,4,5,,,4.073,3.278,1.995,3.136,,,1.243,0.636,
1,3,3,8,A,0,3,4,5,,,2.411,3.835,7.661,5.777,,,0.629,1.326,
1,3,3,8,B,0,3,4,5,,,4.112,3.314,4.888,2.937,,,1.241,1.664,
1,3,3,8,C,0,3,4,5,,,5.013,4.173,7.604,5.574,,,1.201,1.364,
1,3,3,8,D,0,3,4,5,,,4.871,3.416,1.963,3.604,,,1.426,0.545,
1,3,3,8,E,0,3,4,5,,,4.137,4.33,7.063,5.378,,,0.955427251732102,1.313,
1,3,3,8,F,0,3,4,5,,,3.023,3.555,3.907,3.716,,,0.850,1.051,
1,3,3,8,G,0,3,4,5,,,2.438,3.6,5.041,5.961,,,0.677222222222222,0.846,
1,3,3,8,H,0,3,4,5,,,2.867,2.629,5.457,4.56,,,1.091,1.19671052631579,
1,3,3,8,I,0,3,4,5,,,5.718,3.435,4.009,5.88,,,1.665,0.681802721088435,
1,3,3,9,A,0,3,4,5,,,2.326,3.861,7.373,5.57,,,0.602,1.32369838420108,
1,3,3,9,B,0,3,4,5,,,5.837,3.468,5.383,4.281,,,1.683,1.257,
1,3,3,9,C,0,3,4,5,,,5.678,3.858,5.923,4.947,,,1.472,1.197,
1,3,3,9,D,0,3,4,5,,,5.145,4.433,6.037,5.965,,,1.161,1.012,
1,3,3,9,E,0,3,4,5,,,2.189,3.23,6.776,4.86,,,0.677708978328173,1.39423868312757,
1,3,3,9,F,0,3,4,5,,,3.209,4.333,6.054,5.574,,,0.741,1.086,
1,3,3,9,G,0,3,4,5,,,3.182,4.108,4.458,5.327,,,0.775,0.837,
1,3,3,9,H,0,3,4,5,,,3.488,3.96,6.509,4.815,,,0.880808080808081,1.352,
1,3,3,9,I,0,3,4,5,,,2.743,3.864,5.506,5.491,,,0.710,1.003,
1,3,3,10,A,0,3,4,6,,,4.272,3.177,1.851,3.671,,,1.345,0.504,
1,3,3,10,B,0,3,4,5,,,3.493,3.777,5.006,6.483,,,0.925,0.772,
1,3,3,10,C,0,3,4,5,,,3.885,3.967,3.087,4.794,,,0.979,0.644,
1,3,3,10,D,0,3,4,5,,,5.034,4.302,5.699,5.39,,,1.170,1.05732838589981,
1,3,3,10,E,0,3,4,5,,,4.129,3.027,5.377,5.07,,,1.364,1.06055226824458,
1,3,3,10,F,0,3,4,5,,,4.788,4.014,5.831,6.041,,,1.193,0.965,
1,3,3,10,G,0,3,4,5,,,4.798,4.16,6.528,5.323,,,1.15336538461538,1.226,
1,3,3,10,H,0,3,4,5,,,3.66,1.986,2.606,2.217,,,1.8429003021148,1.175,
1,3,3,10,I,0,3,4,5,,,5.164,3.625,5.363,4.753,,,1.425,1.128,
1,1,4,1,A,0,1,3,3,,,,,0.16,1.411,,,,0.113394755492558,
1,1,4,1,B,0,1,3,3,,,,,0.256,1.71,,,,0.149707602339181,
1,1,4,1,C,0,3,3,3,,,0.263,0.613,0.243,1.825,,,0.429,0.133,
1,1,4,1,D,0,3,3,3,,,0.18,0.419,0.976,1.649,,,0.429594272076372,0.592,
1,1,4,1,E,0,1,3,3,,,,,0.199,1.371,,,,0.145,
1,1,4,1,F,0,1,3,3,,,,,0.281,1.593,,,,0.176,
1,1,4,1,G,0,3,3,3,,,0.244,0.627,0.233,1.465,,,0.389,0.159,
1,1,4,1,H,0,0,0,0,,,,,,,,,,,
1,1,4,1,I,0,3,3,3,,,0.357,0.747,0.826,1.8,,,0.478,0.458888888888889,
1,1,4,2,A,0,0,0,0,,,,,,,,,,,
1,1,4,2,B,0,1,1,3,,,,,0.233,0.94,,,,0.247872340425532,
1,1,4,2,C,0,0,0,0,,,,,,,,,,,
1,1,4,2,D,0,1,3,3,,,,,0.23,1.48,,,,0.16,
1,1,4,2,E,0,3,3,3,,,0.151,0.493,0.342,1.25,,,0.306,0.2736,
1,1,4,2,F,0,3,3,3,,,0.257,0.339,0.687,1.677,,,0.758,0.410,
1,1,4,2,G,0,3,3,3,,,0.282,0.651,0.861,1.793,,,0.433,0.480,
1,1,4,2,H,0,3,3,3,,,0.141,0.432,0.624,1.367,,,0.326,0.456,
1,1,4,2,I,0,0,0,0,,,,,,,,,,,
1,1,4,3,A,0,1,0,0,,,,,,,,,,,
1,1,4,3,B,0,0,0,0,,,,,,,,,,,
1,1,4,3,C,0,3,3,3,,,0.287,0.332,0.879,2.034,,,0.864,0.432,
1,1,4,3,D,0,0,0,0,,,,,,,,,,,
1,1,4,3,E,0,3,3,3,,,0.251,0.358,0.583,1.441,,,0.701,0.405,
1,1,4,3,F,0,1,0,0,,,,,,,,,,,
1,1,4,3,G,0,3,3,3,,,0.22,0.237,0.17,1.17,,,0.928270042194093,0.15,
1,1,4,3,H,0,3,3,3,,,0.316,0.487,0.985,1.653,,,0.649,0.596,
1,1,4,3,I,0,3,3,3,,,0.262,0.36,0.83,1.46,,,0.727777777777778,0.57,
1,1,4,4,A,0,0,0,0,,,,,,,,,,,
1,1,4,4,B,0,0,0,0,,,,,,,,,,,
1,1,4,4,C,0,0,0,0,,,,,,,,,,,
1,1,4,4,D,0,0,0,0,,,,,,,,,,,
1,1,4,4,E,0,0,0,0,,,,,,,,,,,
1,1,4,4,F,0,3,3,3,,,0.227,1.183,0.241,1.686,,,0.192,0.143,
1,1,4,4,G,0,3,3,3,,,0.252,1.031,0.302,1.617,,,0.244,0.187,
1,1,4,4,H,0,1,0,0,,,,,,,,,,,
1,1,4,4,I,0,0,0,0,,,,,,,,,,,
1,1,4,5,A,0,1,1,0,,,,,,,,,,,
1,1,4,5,B,0,3,3,3,,,0.231,0.594,0.16,1.94,,,0.389,0.08,
1,1,4,5,C,0,1,3,3,,,,,0.064,0.983,,,,0.065,
1,1,4,5,D,0,3,3,3,,,0.212,0.523,0.054,1.357,,,0.405,0.040,
1,1,4,5,E,0,3,3,3,,,0.289,0.675,0.516,1.514,,,0.428,0.341,
1,1,4,5,F,0,1,0,0,,,,,,,,,,,
1,1,4,5,G,0,0,0,0,,,,,,,,,,,
1,1,4,5,H,0,3,3,3,,,0.346,0.941,0.519,1.959,,,0.368,0.265,
1,1,4,5,I,0,1,0,0,,,,,,,,,,,
1,1,4,6,A,0,1,2,1,,,,,,,,,,,
1,1,4,6,B,0,3,3,3,,,0.269,0.423,0.309,0.844,,,0.636,0.366,
1,1,4,6,C,0,1,1,0,,,,,,,,,,,
1,1,4,6,D,0,3,3,3,,,0.267,0.609,0.442,1.179,,,0.438,0.375,
1,1,4,6,E,0,1,0,0,,,,,,,,,,,
1,1,4,6,F,0,1,2,0,,,,,,,,,,,
1,1,4,6,G,0,0,1,0,,,,,,,,,,,
1,1,4,6,H,0,4,3,3,,,0.255,0.873,0.251,1.52,,,0.292,0.165131578947368,
1,1,4,6,I,0,0,0,0,,,,,,,,,,,
1,1,4,7,A,0,3,3,3,,,0.12,0.22,0.148,1.733,,,0.55,0.085,
1,1,4,7,B,0,3,3,3,,,0.221,1.004,0.257,1.66,,,0.220,0.154819277108434,
1,1,4,7,C,0,1,3,1,,,,,,,,,,,
1,1,4,7,D,0,0,1,0,,,,,,,,,,,
1,1,4,7,E,0,0,1,0,,,,,,,,,,,
1,1,4,7,F,0,3,3,3,,,0.228,0.827,0.335,1.687,,,0.276,0.199,
1,1,4,7,G,0,1,2,0,,,,,,,,,,,
1,1,4,7,H,0,3,3,3,,,0.208,0.691,0.251,1.588,,,0.301,0.158,
1,1,4,7,I,0,3,3,3,,,0.173,0.653,0.362,1.462,,,0.265,0.248,
1,1,4,8,A,0,4,3,3,,,0.251,0.632,0.198,1.608,,,0.397,0.123,
1,1,4,8,B,0,1,0,0,,,,,,,,,,,
1,1,4,8,C,0,3,3,3,,,0.412,1.188,0.292,1.714,,,0.347,0.170,
1,1,4,8,D,0,1,0,0,,,,,,,,,,,
1,1,4,8,E,0,1,0,0,,,,,,,,,,,
1,1,4,8,F,0,1,1,0,,,,,,,,,,,
1,1,4,8,G,0,3,3,3,,,0.243,0.551,0.138,1.513,,,0.441,0.091,
1,1,4,8,H,0,3,3,3,,,0.408,0.579,0.251,1.547,,,0.705,0.162,
1,1,4,8,I,0,4,3,3,,,0.226,0.623,0.236,1.534,,,0.363,0.154,
1,1,4,9,A,0,3,3,3,,,0.292,0.641,0.108,1.671,,,0.456,0.065,
1,1,4,9,B,0,3,3,3,,,0.469,0.378,0.124,1.468,,,1.241,0.084,
1,1,4,9,C,0,0,3,3,,,,,0.312,1.257,,,,0.248,
1,1,4,9,D,0,1,3,3,,,,,0.124,1.182,,,,0.105,
1,1,4,9,E,0,0,1,0,,,,,,,,,,,
1,1,4,9,F,0,3,3,3,,,0.305,0.615,0.646,1.302,,,0.496,0.496,
1,1,4,9,G,0,0,0,0,,,,,,,,,,,
1,1,4,9,H,0,3,3,3,,,0.559,0.798,0.425,1.711,,,0.701,0.248,
1,1,4,9,I,0,3,3,3,,,0.37,0.964,0.442,1.668,,,0.383817427385892,0.265,
1,1,4,10,A,0,0,3,3,,,,,0.105,0.996,,,,0.105,
1,1,4,10,B,0,1,1,0,,,,,,,,,,,
1,1,4,10,C,0,0,1,0,,,,,,,,,,,
1,1,4,10,D,0,1,0,0,,,,,,,,,,,
1,1,4,10,E,0,0,0,1,,,,,,,,,,,
1,1,4,10,F,0,0,0,0,,,,,,,,,,,
1,1,4,10,G,0,1,3,3,,,,,0.102,1.2,,,,0.085,
1,1,4,10,H,0,0,0,0,,,,,,,,,,,
1,1,4,10,I,0,0,0,0,,,,,,,,,,,
1,2,4,1,A,0,1,1,0,,,,,,,,,,,
1,2,4,1,B,0,0,3,3,,,,,0.19,1.137,,,,0.167106420404573,
1,2,4,1,C,0,1,3,3,,,,,0.202,1.495,,,,0.135,
1,2,4,1,D,0,0,0,0,,,,,,,,,,,
1,2,4,1,E,0,1,3,3,,,,,0.072,1.083,,,,0.066,
1,2,4,1,F,0,1,1,0,,,,,,,,,,,
1,2,4,1,G,0,0,0,0,,,,,,,,,,,
1,2,4,1,H,0,3,3,3,,,0.191,0.376,0.64,1.514,,,0.508,0.422721268163804,
1,2,4,1,I,0,3,3,3,,,0.172,0.777,0.543,1.698,,,0.221,0.320,
1,2,4,2,A,0,3,3,3,,,0.298,0.688,0.887,1.971,,,0.433,0.450,
1,2,4,2,B,0,1,3,3,,,,,0.126,1.436,,,,0.088,
1,2,4,2,C,0,3,3,3,,,0.319,0.484,0.82,1.716,,,0.659,0.477855477855478,
1,2,4,2,D,0,1,3,3,,,,,0.634,1.072,,,,0.591,
1,2,4,2,E,0,3,3,3,,,0.316,0.463,0.988,1.923,,,0.683,0.514,
1,2,4,2,F,0,1,3,3,,,,,0.076,1.161,,,,0.065,
1,2,4,2,G,0,1,3,3,,,,,0.089,1.533,,,,0.058,
1,2,4,2,H,0,3,3,3,,,0.236,0.601,0.995,1.981,,,0.393,0.502,
1,2,4,2,I,0,3,3,3,,,0.303,0.651,0.979,1.834,,,0.465,0.534,
1,2,4,3,A,0,3,3,3,,,0.238,0.487,0.816,1.66,,,0.489,0.491566265060241,
1,2,4,3,B,0,0,0,1,,,,,,,,,,,
1,2,4,3,C,0,3,3,3,,,0.228,0.56,0.451,0.653,,,0.407142857142857,0.691,
1,2,4,3,D,0,3,3,3,,,0.283,0.588,0.787,1.692,,,0.481,0.465,
1,2,4,3,E,0,3,3,3,,,0.408,0.583,0.795,1.863,,,0.700,0.427,
1,2,4,3,F,0,1,0,0,,,,,,,,,,,
1,2,4,3,G,0,3,3,3,,,0.255,0.404,0.697,1.516,,,0.631,0.460,
1,2,4,3,H,0,3,3,3,,,0.144,0.366,0.215,1.51,,,0.393,0.142384105960265,
1,2,4,3,I,0,1,1,0,,,,,,,,,,,
1,2,4,4,A,0,1,0,0,,,,,,,,,,,
1,2,4,4,B,0,3,3,3,,,0.177,0.753,0.218,1.447,,,0.235,0.151,
1,2,4,4,C,0,0,0,0,,,,,,,,,,,
1,2,4,4,D,0,0,1,3,,,,,0.462,0.724,,,,0.638,
1,2,4,4,E,0,3,3,3,,,0.258,0.583,0.329,1.553,,,0.443,0.212,
1,2,4,4,F,0,3,3,3,,,0.243,1.015,0.314,1.844,,,0.239,0.170,
1,2,4,4,G,0,1,0,0,,,,,,,,,,,
1,2,4,4,H,0,0,1,3,,,,,0.717,0.991,,,,0.724,
1,2,4,4,I,0,1,1,3,,,,,0.155,0.85,,,,0.182352941176471,
1,2,4,5,A,0,1,0,0,,,,,,,,,,,
1,2,4,5,B,0,0,0,0,,,,,,,,,,,
1,2,4,5,C,0,1,0,3,,,,,0.311,0.672,,,,0.463,
1,2,4,5,D,0,1,0,0,,,,,,,,,,,
1,2,4,5,E,0,1,0,3,,,,,0.237,0.73,,,,0.324657534246575,
1,2,4,5,F,0,0,2,3,,,,,0.268,1.059,,,,0.253,
1,2,4,5,G,0,3,3,3,,,0.262,0.757,0.128,1.761,,,0.346,0.073,
1,2,4,5,H,0,0,0,0,,,,,,,,,,,
1,2,4,5,I,0,0,0,0,,,,,,,,,,,
1,2,4,6,A,0,3,3,3,,,0.305,0.526,0.136,1.417,,,0.580,0.096,
1,2,4,6,B,0,0,0,0,,,,,,,,,,,
1,2,4,6,C,0,3,3,3,,,0.235,0.796,0.26,1.398,,,0.295,0.185979971387697,
1,2,4,6,D,0,3,3,3,,,0.297,0.717,0.242,1.383,,,0.414,0.175,
1,2,4,6,E,0,3,3,3,,,0.221,0.849,0.345,1.434,,,0.260,0.241,
1,2,4,6,F,0,3,3,3,,,0.284,1.086,0.217,1.72,,,0.262,0.126162790697674,
1,2,4,6,G,0,1,0,0,,,,,,,,,,,
1,2,4,6,H,0,1,3,3,,,,,0.203,0.988,,,,0.205,
1,2,4,6,I,0,0,0,0,,,,,,,,,,,
1,2,4,7,A,0,1,0,0,,,,,,,,,,,
1,2,4,7,B,0,3,3,3,,,0.241,0.71,0.195,1.488,,,0.33943661971831,0.131,
1,2,4,7,C,0,1,3,3,,,,,0.228,0.742,,,,0.307,
1,2,4,7,D,0,1,3,3,,,,,0.193,1.376,,,,0.140,
1,2,4,7,E,0,1,2,2,,,,,,,,,,,
1,2,4,7,F,0,3,3,3,,,0.264,0.716,0.263,1.803,,,0.369,0.146,
1,2,4,7,G,0,3,3,3,,,0.183,0.669,0.156,1.543,,,0.274,0.101,
1,2,4,7,H,0,3,3,3,,,0.351,0.882,0.409,1.369,,,0.398,0.299,
1,2,4,7,I,0,1,1,0,,,,,,,,,,,
1,2,4,8,A,0,1,1,3,,,,,0.143,0.68,,,,0.210294117647059,
1,2,4,8,B,0,3,3,3,,,0.299,0.643,0.122,1.299,,,0.465,0.094,
1,2,4,8,C,0,3,3,3,,,0.159,0.669,0.181,1.047,,,0.238,0.173,
1,2,4,8,D,0,3,3,3,,,0.431,0.952,1.291,1.71,,,0.453,0.754970760233918,
1,2,4,8,E,0,1,1,0,,,,,,,,,,,
1,2,4,8,F,0,4,3,3,,,0.255,0.698,0.186,1.058,,,0.365,0.176,
1,2,4,8,G,0,0,2,1,,,,,,,,,,,
1,2,4,8,H,0,1,1,0,,,,,,,,,,,
1,2,4,8,I,0,3,3,3,,,0.25,0.838,0.457,1.322,,,0.298329355608592,0.346,
1,2,4,9,A,0,1,3,3,,,,,0.221,0.938,,,,0.236,
1,2,4,9,B,0,0,1,3,,,,,0.245,0.838,,,,0.292,
1,2,4,9,C,0,3,3,3,,,0.339,0.354,0.502,1.202,,,0.958,0.418,
1,2,4,9,D,0,0,0,0,,,,,,,,,,,
1,2,4,9,E,0,3,3,3,,,0.23,0.479,0.123,1.011,,,0.480167014613779,0.122,
1,2,4,9,F,0,1,0,0,,,,,,,,,,,
1,2,4,9,G,0,3,3,3,,,0.309,0.566,0.692,1.863,,,0.546,0.371,
1,2,4,9,H,0,0,0,0,,,,,,,,,,,
1,2,4,9,I,0,0,0,0,,,,,,,,,,,
1,2,4,10,A,0,0,0,0,,,,,,,,,,,
1,2,4,10,B,0,3,3,3,,,0.147,0.374,0.218,1.452,,,0.393,0.150,
1,2,4,10,C,0,0,0,0,,,,,,,,,,,
1,2,4,10,D,0,3,3,3,,,0.128,0.587,0.25,1.606,,,0.218,0.155666251556663,
1,2,4,10,E,0,3,3,3,,,0.307,0.443,0.516,1.577,,,0.693,0.327,
1,2,4,10,F,0,3,3,3,,,0.619,0.944,0.56,1.927,,,0.656,0.290607161390763,
1,2,4,10,G,0,0,2,0,,,,,,,,,,,
1,2,4,10,H,0,0,0,0,,,,,,,,,,,
1,2,4,10,I,0,0,1,3,,,,,0.314,1.005,,,,0.312,
1,3,4,1,A,0,3,3,3,,,0.251,0.69,0.459,1.544,,,0.363768115942029,0.297,
1,3,4,1,B,0,3,3,3,,,0.399,0.659,0.724,1.994,,,0.605,0.363,
1,3,4,1,C,0,3,3,3,,,0.447,0.715,0.853,1.836,,,0.625,0.465,
1,3,4,1,D,0,1,3,3,,,,,0.064,1.354,,,,0.047,
1,3,4,1,E,0,3,3,3,,,0.494,0.604,0.792,1.786,,,0.818,0.443,
1,3,4,1,F,0,3,3,3,,,0.405,0.806,0.787,1.788,,,0.502,0.440,
1,3,4,1,G,0,0,0,0,,,,,,,,,,,
1,3,4,1,H,0,1,3,3,,,,,0.269,1.512,,,,0.178,
1,3,4,1,I,0,3,3,3,,,0.23,0.846,0.251,1.523,,,0.271867612293144,0.165,
1,3,4,2,A,0,1,3,3,,,,,0.254,1.2,,,,0.211666666666667,
1,3,4,2,B,0,0,0,0,,,,,,,,,,,
1,3,4,2,C,0,3,3,3,,,0.463,0.135,0.241,1.723,,,3.430,0.140,
1,3,4,2,D,0,0,0,0,,,,,,,,,,,
1,3,4,2,E,0,0,0,0,,,,,,,,,,,
1,3,4,2,F,0,1,3,3,,,,,0.185,1.379,,,,0.134,
1,3,4,2,G,0,3,3,3,,,0.389,0.377,0.786,1.47,,,1.032,0.53469387755102,
1,3,4,2,H,0,0,3,3,,,,,0.124,1.514,,,,0.082,
1,3,4,2,I,0,3,3,3,,,0.396,0.493,0.899,1.87,,,0.803,0.480748663101604,
1,3,4,3,A,0,1,3,3,,,,,0.284,1.748,,,,0.162,
1,3,4,3,B,0,3,3,3,,,0.227,0.552,0.269,1.486,,,0.411,0.181,
1,3,4,3,C,0,3,3,3,,,0.16,0.311,0.25,1.479,,,0.514469453376206,0.169033130493577,
1,3,4,3,D,0,1,3,3,,,,,0.256,1.33,,,,0.192481203007519,
1,3,4,3,E,0,1,3,3,,,,,0.25,1.407,,,,0.177683013503909,
1,3,4,3,F,0,3,3,3,,,0.351,0.483,0.325,1.391,,,0.727,0.234,
1,3,4,3,G,0,1,3,3,,,,,0.092,1.418,,,,0.065,
1,3,4,3,H,0,3,3,3,,,0.343,0.452,0.666,1.94,,,0.759,0.343298969072165,
1,3,4,3,I,0,1,0,0,,,,,,,,,,,
1,3,4,4,A,0,1,3,4,,,,,0.279,1.151,,,,0.242,
1,3,4,4,B,0,1,1,1,,,,,,,,,,,
1,3,4,4,C,0,0,0,0,,,,,,,,,,,
1,3,4,4,D,0,3,3,3,,,0.237,0.874,0.216,1.987,,,0.271,0.109,
1,3,4,4,E,0,0,0,0,,,,,,,,,,,
1,3,4,4,F,0,0,0,0,,,,,,,,,,,
1,3,4,4,G,0,1,1,0,,,,,,,,,,,
1,3,4,4,H,0,1,1,0,,,,,,,,,,,
1,3,4,4,I,0,0,0,0,,,,,,,,,,,
1,3,4,5,A,0,0,1,0,,,,,,,,,,,
1,3,4,5,B,0,3,3,3,,,0.163,0.725,0.164,2.201,,,0.225,0.075,
1,3,4,5,C,0,1,1,3,,,,,0.141,1.009,,,,0.140,
1,3,4,5,D,0,3,3,3,,,0.211,0.979,0.162,1.948,,,0.216,0.083,
1,3,4,5,E,0,1,0,0,,,,,,,,,,,
1,3,4,5,F,0,0,0,0,,,,,,,,,,,
1,3,4,5,G,0,4,3,3,,,0.215,1.033,0.202,2.079,,,0.208,0.097,
1,3,4,5,H,0,4,3,3,,,0.22,0.954,0.134,1.906,,,0.230607966457023,0.070,
1,3,4,5,I,0,3,3,3,,,0.249,0.864,0.221,2.131,,,0.288,0.104,
1,3,4,6,A,0,3,3,3,,,0.319,1.085,0.273,2.267,,,0.294,0.120,
1,3,4,6,B,0,3,3,3,,,0.269,1.11,0.323,1.645,,,0.242342342342342,0.196,
1,3,4,6,C,0,3,3,3,,,0.238,1.114,0.329,1.899,,,0.214,0.173,
1,3,4,6,D,0,1,0,0,,,,,,,,,,,
1,3,4,6,E,0,3,3,3,,,0.382,0.592,0.119,1.427,,,0.645,0.083,
1,3,4,6,F,0,4,3,3,,,0.218,0.838,0.139,1.761,,,0.260,0.079,
1,3,4,6,G,0,0,1,0,,,,,,,,,,,
1,3,4,6,H,0,4,3,3,,,0.269,0.783,0.207,1.895,,,0.344,0.109,
1,3,4,6,I,0,1,0,0,,,,,,,,,,,
1,3,4,7,A,0,3,3,3,,,0.128,0.552,0.234,1.861,,,0.232,0.126,
1,3,4,7,B,0,3,3,3,,,0.281,0.429,0.13,1.326,,,0.655,0.0980392156862745,
1,3,4,7,C,0,1,0,0,,,,,,,,,,,
1,3,4,7,D,0,1,1,0,,,,,,,,,,,
1,3,4,7,E,0,3,3,3,,,0.577,0.821,0.672,1.924,,,0.703,0.349,
1,3,4,7,F,0,3,3,3,,,0.562,1.013,0.432,1.943,,,0.555,0.222,
1,3,4,7,G,0,0,0,0,,,,,,,,,,,
1,3,4,7,H,0,0,0,0,,,,,,,,,,,
1,3,4,7,I,0,1,0,0,,,,,,,,,,,
1,3,4,8,A,0,3,3,3,,,0.336,0.696,0.125,1.661,,,0.483,0.075,
1,3,4,8,B,0,1,3,3,,,,,0.12,1.455,,,,0.0824742268041237,
1,3,4,8,C,0,4,3,3,,,0.209,0.742,0.192,1.541,,,0.282,0.125,
1,3,4,8,D,0,4,3,3,,,0.267,0.945,0.17,1.982,,,0.283,0.0857719475277497,
1,3,4,8,E,0,0,2,3,,,,,0.141,0.794,,,,0.178,
1,3,4,8,F,0,3,3,3,,,0.481,1.25,0.429,2.099,,,0.3848,0.204,
1,3,4,8,G,0,3,4,3,,,0.237,0.688,0.193,1.708,,,0.344,0.113,
1,3,4,8,H,0,0,0,0,,,,,,,,,,,
1,3,4,8,I,0,3,3,3,,,0.208,0.687,0.134,1.789,,,0.303,0.075,
1,3,4,9,A,0,0,0,0,,,,,,,,,,,
1,3,4,9,B,0,0,0,3,,,,,0.531,1.219,,,,0.436,
1,3,4,9,C,0,0,0,0,,,,,,,,,,,
1,3,4,9,D,0,0,3,3,,,,,0.295,1.632,,,,0.181,
1,3,4,9,E,0,0,3,3,,,,,0.209,1.271,,,,0.164,
1,3,4,9,F,0,1,3,3,,,,,0.708,1.936,,,,0.366,
1,3,4,9,G,0,1,1,3,,,,,0.249,1.298,,,,0.192,
1,3,4,9,H,0,0,0,0,,,,,,,,,,,
1,3,4,9,I,0,0,1,3,,,,,0.102,1.224,,,,0.083,
1,3,4,10,A,0,3,3,3,,,0.731,0.809,0.809,1.82,,,0.904,0.444505494505495,
1,3,4,10,B,0,3,3,3,,,0.284,0.56,0.807,2.052,,,0.507142857142857,0.393,
1,3,4,10,C,0,3,3,3,,,0.274,0.631,0.56,1.579,,,0.434,0.354654844838505,
1,3,4,10,D,0,1,3,3,,,,,0.132,1.246,,,,0.106,
1,3,4,10,E,0,0,0,0,,,,,,,,,,,
1,3,4,10,F,0,3,3,3,,,0.344,0.454,0.755,1.888,,,0.758,0.400,
1,3,4,10,G,0,0,1,3,,,,,0.599,2.106,,,,0.284,
1,3,4,10,H,0,3,3,3,,,0.334,0.497,0.105,0.93,,,0.672,0.112903225806452,
1,3,4,10,I,0,0,1,3,,,,,0.823,1.007,,,,0.817,
2,1,1,1,A,0,2,3,4,5,5,0.136,,1.928,2.524,1.97,6.238,,0.764,0.315806348188522
2,1,1,1,B,0,3,3,4,5,5,1.417,0.488,1.672,2.972,6.239,5.561,2.904,0.563,1.122
2,1,1,1,C,0,2,3,3,4,4,0.149,,0.4,0.68,1.949,2.218,,0.588235294117647,0.879
2,1,1,1,D,3,3,4,5,5,5,1.343,0.666,2.607,4.278,5.696,5.444,2.017,0.609,1.046
2,1,1,1,E,0,3,4,5,5,5,0.313,0.371,2.546,3.62,3.896,4.483,0.844,0.703314917127072,0.869
2,1,1,1,F,1,3,4,4,4,5,0.381,0.5,3.529,4.336,5.812,6.04,0.762,0.814,0.962251655629139
2,1,1,1,G,0,3,3,4,5,5,0.953,0.621,1.754,3.718,4.389,3.931,1.535,0.472,1.117
2,1,1,1,H,2,4,4,5,5,5,0.403,1.126,0.669,4.229,5.773,6.144,0.358,0.158,0.940
2,1,1,1,I,0,3,3,3,4,5,0.123,0.288,1.644,1.344,2.972,4.581,0.427,1.223,0.649
2,1,1,2,A,1,3,3,4,5,5,0.23,0.506,3.982,3.46,6.261,4.479,0.454545454545455,1.15086705202312,1.398
2,1,1,2,B,1,2,3,3,4,5,0.225,,1.084,1.53,3.085,4.399,,0.708496732026144,0.701
2,1,1,2,C,1,3,3,4,5,5,0.564,0.761,3.452,2.739,6.022,5.159,0.741,1.260,1.167
2,1,1,2,D,0,2,3,3,4,5,0.514,,1.997,1.437,4.044,4.463,,1.390,0.906
2,1,1,2,E,0,3,3,4,5,5,0.393,0.516,3.768,3.089,5.748,5.118,0.762,1.220,1.123
2,1,1,2,F,0,3,4,5,5,5,0.385,0.384,4.525,1.413,4.165,3.338,1.003,3.202,1.248
2,1,1,2,G,0,2,2,3,3,4,0.149,,0.699,0.678,2.188,1.393,,1.031,1.571
2,1,1,2,H,1,3,4,5,5,5,0.393,0.54,5.276,4.044,7.335,5.194,0.727777777777778,1.305,1.412
2,1,1,2,I,0,2,3,4,5,5,0.167,,1.929,2.747,4.135,5.986,,0.702,0.691
2,1,1,3,A,1,3,3,4,5,5,1.617,0.599,4.2,2.887,5.246,4.536,2.699,1.45479736750953,1.157
2,1,1,3,B,1,3,4,4,5,5,1.712,0.887,2.741,1.284,5.579,3.968,1.930,2.135,1.406
2,1,1,3,C,0,2,3,4,5,5,0.39,,2.449,2.294,2.558,4.048,,1.068,0.632
2,1,1,3,D,2,3,3,4,5,5,1.208,0.878,0.961,2.401,2.394,4.314,1.376,0.400,0.555
2,1,1,3,E,2,3,3,4,5,5,1.208,0.402,3.22,2.629,4.874,3.899,3.005,1.22480030429821,1.250
2,1,1,3,F,1,3,3,4,5,5,0.913,0.66,2.011,2.35,4.614,4.054,1.38333333333333,0.855744680851064,1.138
2,1,1,3,G,0,3,3,4,5,5,0.934,0.481,2.855,3.741,4.222,5.428,1.942,0.763,0.778
2,1,1,3,H,2,3,4,5,5,5,1.328,0.851,4.324,3.969,5.397,4.839,1.561,1.089,1.115
2,1,1,3,I,2,3,4,4,5,5,0.569,0.527,1.666,2.569,2.669,4.012,1.080,0.649,0.665
2,1,1,4,A,0,2,3,4,5,5,0.483,,1.16,2.768,3.58,5.593,,0.419075144508671,0.640085821562668
2,1,1,4,B,0,2,2,2,3,4,0.224,,1.102,,0.517,1.276,,,0.405
2,1,1,4,C,0,2,3,4,5,5,0.138,0.325,1.868,2.606,5.274,5.636,0.425,0.717,0.936
2,1,1,4,D,2,3,4,4,5,5,0.391,0.995,4.377,3.537,6.061,5.499,0.393,1.237,1.102
2,1,1,4,E,1,3,4,5,5,5,0.536,0.701,4.08,2.796,6.292,5.031,0.765,1.45922746781116,1.251
2,1,1,4,F,2,3,3,4,4,5,1.383,1.066,1.921,3.133,4.68,4.892,1.297,0.613,0.956663941128373
2,1,1,4,G,1,3,4,4,5,5,0.616,0.665,1.471,3.555,4.138,4.934,0.926,0.414,0.839
2,1,1,4,H,0,3,3,4,5,5,0.366,0.587,2.192,2.839,5.445,5.2,0.624,0.772,1.04711538461538
2,1,1,4,I,2,3,4,5,5,6,1.49,0.932,4.231,1.517,5.965,3.066,1.59871244635193,2.789,1.946
2,1,1,5,A,0,3,3,4,5,5,0.193,0.154,2.253,3.048,4.328,4.769,1.253,0.739,0.908
2,1,1,5,B,1,3,3,4,5,5,0.533,0.618,2.582,2.425,4.936,3.155,0.862,1.065,1.565
2,1,1,5,C,0,2,3,4,5,5,0.231,,1.637,3.307,4.466,5.264,,0.495,0.848
2,1,1,5,D,1,3,3,4,5,5,0.312,0.398,3.663,2.635,5.503,3.909,0.784,1.390,1.408
2,1,1,5,E,1,3,3,4,5,5,0.562,0.366,4.158,3.172,4.361,4.232,1.536,1.311,1.030
2,1,1,5,F,0,2,3,4,5,5,0.199,,3.282,2.084,3.969,3.304,,1.575,1.201
2,1,1,5,G,1,3,4,5,5,5,0.309,0.477,1.052,2.811,3.64,3.245,0.648,0.374,1.12172573189522
2,1,1,5,H,0,3,4,5,5,5,0.744,0.757,4.612,3.217,6.69,4.355,0.983,1.434,1.5361653272101
2,1,1,5,I,3,3,4,6,5,5,0.68,1.329,,,,,0.511662904439428,,
2,1,1,6,A,0,2,3,4,5,5,0.254,,2.739,2.437,4.76,5.406,,1.124,0.880503144654088
2,1,1,6,B,0,0,0,2,2,2,,,0.366,,1.058,,,,
2,1,1,6,C,0,2,3,3,4,5,0.383,,1.576,1.41,3.904,3.671,,1.1177304964539,1.063
2,1,1,6,D,1,3,4,5,5,5,0.405,0.8,4.393,3.86,6.785,5.491,0.50625,1.1380829015544,1.236
2,1,1,6,E,0,3,4,5,5,5,0.62,0.61,1.832,2.46,4.997,3.132,1.02,0.744715447154472,1.595
2,1,1,6,F,0,2,3,4,4,5,0.251,,3.217,2.1,4.955,4.485,,1.53190476190476,1.105
2,1,1,6,G,1,3,4,5,5,5,0.746,0.699,4.469,3.919,6.521,5.314,1.067,1.140,1.227
2,1,1,6,H,1,3,4,4,5,5,0.35,0.543,2.066,2.444,5.952,4.29,0.644567219152855,0.845,1.38741258741259
2,1,1,6,I,2,3,4,4,5,5,0.717,0.767,4.444,3.369,5.062,4.917,0.935,1.319,1.029
2,1,1,7,A,0,3,3,4,5,5,0.438,0.328,2.209,1.236,3.772,2.582,1.335,1.787,1.461
2,1,1,7,B,0,2,3,4,5,5,0.529,,2.105,2.266,1.293,1.795,,0.929,0.720
2,1,1,7,C,0,3,4,4,5,5,0.333,0.31,0.485,3.359,4.904,4.767,1.0741935483871,0.144,1.029
2,1,1,7,D,0,2,3,4,4,5,0.492,,1.768,2.429,3.687,3.923,,0.728,0.940
2,1,1,7,E,1,3,3,5,5,5,0.317,0.419,2.349,2.922,3.075,4.225,0.757,0.804,0.728
2,1,1,7,F,2,3,4,4,5,5,0.984,0.462,3.714,2.483,5.029,3.893,2.130,1.496,1.292
2,1,1,7,G,0,3,3,3,3,0,0.303,0.294,0.618,1.022,,,1.031,0.605,
2,1,1,7,H,1,3,3,3,4,5,0.162,0.333,1.489,1.683,3.797,4.626,0.486,0.885,0.821
2,1,1,7,I,2,3,4,4,5,5,0.931,0.674,2.703,3.032,5.009,4.29,1.381,0.891,1.16759906759907
2,1,1,8,A,1,3,4,5,5,5,0.866,0.732,4.418,3.287,7.174,4.459,1.183,1.344,1.609
2,1,1,8,B,0,2,3,4,5,5,0.555,,2.97,1.9,4.794,4.516,,1.56315789473684,1.062
2,1,1,8,C,2,3,4,5,5,5,0.901,1.067,0.776,3.879,3.897,5.417,0.844,0.200,0.719
2,1,1,8,D,0,3,3,4,5,5,0.854,0.442,4.124,2.015,6.193,3.931,1.932,2.047,1.575
2,1,1,8,E,1,3,4,5,5,5,1.061,0.337,3.365,3.442,8.518,5.188,3.148,0.978,1.642
2,1,1,8,F,2,3,4,5,5,5,0.67,1.265,2.398,2.368,6.077,3.939,0.529644268774704,1.013,1.543
2,1,1,8,G,2,3,3,4,5,5,0.945,0.842,3.204,2.844,7.386,3.576,1.122,1.127,2.065
2,1,1,8,H,0,3,3,5,5,6,0.38,0.454,2.525,2.009,4.394,2.426,0.837004405286344,1.257,1.811
2,1,1,8,I,2,3,4,5,5,5,1.343,1.15,1.103,3.867,6.222,5.871,1.16782608695652,0.285,1.060
2,1,1,9,A,0,3,3,4,5,5,0.943,0.964,3.838,3.226,5.741,5.708,0.978,1.190,1.006
2,1,1,9,B,1,3,3,3,3,3,0.11,0.534,0.781,1.244,3.772,1.7,0.205992509363296,0.628,2.21882352941176
2,1,1,9,C,0,3,3,4,5,5,0.585,0.606,2.763,3.688,7.081,4.318,0.965,0.749,1.640
2,1,1,9,D,0,0,0,0,0,0,,,,,,,,,
2,1,1,9,E,0,2,3,4,5,5,0.674,,0.719,1.79,1.513,4.394,,0.401675977653631,0.344
2,1,1,9,F,1,3,4,5,5,5,0.743,0.926,3.998,3.948,6.476,6.507,0.802,1.013,0.995
2,1,1,9,G,2,3,4,5,5,6,1.187,1.526,4.333,3.135,6.063,5.044,0.778,1.382,1.202
2,1,1,9,H,2,3,4,4,5,5,0.85,1.746,4.06,5.159,7.087,6.652,0.486827033218786,0.786974219810041,1.065
2,1,1,9,I,1,3,4,5,5,5,1.006,0.565,4.415,,5.272,4.891,1.781,,1.078
2,1,1,10,A,1,3,4,5,5,5,1.349,0.745,3.031,3.802,3.875,5.393,1.811,0.797,0.719
2,1,1,10,B,3,4,4,5,5,6,0.733,1.387,1.131,4.256,6.517,4.98,0.528,0.266,1.30863453815261
2,1,1,10,C,3,3,4,5,5,5,0.818,0.808,2.416,3.803,8.153,4.296,1.012,0.635,1.898
2,1,1,10,D,2,3,3,4,5,5,0.657,0.799,5,3.745,6.796,5.529,0.822,1.33511348464619,1.229
2,1,1,10,E,1,3,4,5,5,5,0.439,0.527,0.533,2.088,3.609,4.61,0.833,0.255,0.782863340563991
2,1,1,10,F,2,3,3,3,4,4,1.178,1.074,2.524,1.565,4.649,2.995,1.097,1.613,1.552
2,1,1,10,G,2,3,3,5,5,5,0.961,0.661,3.778,2.856,5.342,3.645,1.454,1.323,1.466
2,1,1,10,H,1,3,4,5,5,5,0.964,0.606,3.991,2.565,7.922,5.195,1.591,1.556,1.525
2,1,1,10,I,0,2,3,3,4,5,0.164,,2.443,1.308,3.852,4.588,,1.868,0.840
2,2,1,1,A,0,3,3,4,5,5,0.529,0.39,3.905,2.55,4.41,4.495,1.35641025641026,1.53137254901961,0.981090100111235
2,2,1,1,B,0,3,4,4,5,5,0.573,0.708,5.103,4.131,6.341,4.989,0.809,1.235,1.271
2,2,1,1,C,0,3,3,4,5,5,0.332,0.443,1.988,3.325,5.207,5.279,0.749,0.598,0.986
2,2,1,1,D,0,3,3,4,5,5,0.257,0.221,2.246,3.825,4.495,5.578,1.163,0.587,0.806
2,2,1,1,E,0,2,3,3,4,4,0.226,,2.245,1.667,5.161,3.947,,1.347,1.308
2,2,1,1,F,0,2,3,4,5,5,0.137,,2.325,2.675,6.23,3.762,,0.869,1.65603402445508
2,2,1,1,G,1,3,3,4,5,5,0.368,0.289,2.032,4.206,2.83,5.956,1.273,0.483,0.475151108126259
2,2,1,1,H,0,1,3,4,4,5,,,1.964,1.965,5.035,5.337,,0.999,0.943
2,2,1,1,I,0,2,3,4,5,5,0.104,,1.418,1.274,3.13,4.411,,1.113,0.709589662208116
2,2,1,2,A,0,2,3,4,4,5,0.369,,4.306,3.173,6.171,5.319,,1.357,1.160
2,2,1,2,B,1,3,4,4,5,5,1.734,1.068,4.659,2.233,6.564,2.881,1.624,2.086,2.278
2,2,1,2,C,2,3,4,5,5,5,1.01,1.115,5.359,4.351,6.764,5.136,0.905829596412556,1.232,1.317
2,2,1,2,D,0,3,3,4,5,5,1.165,0.989,4.692,3.873,6.405,5.339,1.178,1.211,1.200
2,2,1,2,E,1,3,3,4,4,5,0.73,0.661,3.443,2.612,6.788,3.73,1.10438729198185,1.318,1.81983914209115
2,2,1,2,F,1,3,3,4,5,5,0.754,0.587,4.949,2.769,6.135,4.397,1.284,1.787,1.395
2,2,1,2,G,0,2,3,4,5,5,0.414,,1.592,1.886,3.73,3.085,,0.844,1.20907617504052
2,2,1,2,H,0,2,3,4,5,5,0.391,,4.239,3.389,5.507,5.412,,1.251,1.018
2,2,1,2,I,0,3,3,4,5,5,0.648,0.721,4.097,3.577,6.252,5.267,0.899,1.145,1.187
2,2,1,3,A,0,3,3,4,5,5,0.23,0.358,4.447,3.48,6.153,5.173,0.642458100558659,1.27787356321839,1.189
2,2,1,3,B,1,3,4,5,5,5,0.358,0.418,4.323,3.46,6.8,5.949,0.856,1.24942196531792,1.14304925197512
2,2,1,3,C,0,2,3,4,5,5,0.084,,2.256,1.368,3.02,4.48,,1.649,0.67
2,2,1,3,D,2,3,4,4,5,5,1.322,0.549,4.152,4.022,7.866,5.665,2.408,1.032,1.389
2,2,1,3,E,1,3,3,4,5,5,1.136,0.283,3.15,2.974,6.424,5.117,4.014,1.05917955615333,1.255
2,2,1,3,F,1,3,4,4,5,5,0.634,0.668,2.875,3.153,4.249,5.649,0.949,0.912,0.752
2,2,1,3,G,0,3,4,4,5,5,1.283,0.569,3.399,3.284,4.525,5.737,2.255,1.035,0.789
2,2,1,3,H,1,3,4,5,5,5,1.078,0.389,4.484,4.186,7.528,4.997,2.771,1.071,1.507
2,2,1,3,I,1,3,4,5,5,5,0.656,0.712,1.26,2.978,2.443,5.576,0.921,0.423102753525856,0.438
2,2,1,4,A,0,2,3,4,5,5,0.238,,3.42,2.181,4.032,4.609,,1.56808803301238,0.875
2,2,1,4,B,0,3,3,4,5,5,0.306,0.439,3.909,2.953,3.724,2.345,0.697,1.324,1.588
2,2,1,4,C,0,3,3,4,4,5,0.198,0.41,2.556,1.496,3.899,4.717,0.482926829268293,1.709,0.827
2,2,1,4,D,2,3,4,5,5,5,1.31,0.773,4.249,2.994,7.763,4.764,1.69469598965071,1.419,1.630
2,2,1,4,E,0,2,3,3,4,4,0.09,,0.71,1.655,3.47,2.821,,0.429003021148036,1.23006026231833
2,2,1,4,F,2,3,4,4,5,5,0.762,0.639,2.956,4.274,2.834,5.995,1.192,0.692,0.473
2,2,1,4,G,2,2,3,4,4,5,0.449,,1.8,2.547,1.289,2.772,,0.706713780918728,0.465
2,2,1,4,H,0,0,2,2,3,3,,,0.376,,0.186,1.055,,,0.176
2,2,1,4,I,0,3,4,5,5,5,0.534,0.711,5.1,4.604,4.552,5.812,0.751,1.10773240660295,0.783
2,2,1,5,A,0,1,3,3,4,5,,,2.077,2.072,5.173,4.221,,1.002,1.226
2,2,1,5,B,1,3,4,4,5,5,1.496,0.926,5.489,3.68,7.198,5.458,1.616,1.49157608695652,1.319
2,2,1,5,C,0,2,3,4,4,5,0.232,,2.507,1.459,5.277,3.237,,1.718,1.630
2,2,1,5,D,1,3,4,4,5,5,0.842,0.683,5.464,2.984,8.46,5.329,1.233,1.831,1.58753987614937
2,2,1,5,E,0,3,3,4,4,5,0.44,0.429,0.872,1.822,1.846,2.67,1.02564102564103,0.479,0.691385767790262
2,2,1,5,F,2,3,3,4,5,5,0.39,0.488,3.806,3.564,7.306,5.674,0.799180327868852,1.068,1.288
2,2,1,5,G,0,3,3,4,4,5,0.803,0.604,3.478,2.469,4.654,3.873,1.329,1.409,1.202
2,2,1,5,H,0,3,3,4,5,5,0.463,0.546,1.103,2.983,1.974,6.131,0.848,0.370,0.322
2,2,1,5,I,1,3,4,4,5,5,0.738,0.693,4.545,3.806,4.771,5.365,1.065,1.194,0.889
2,2,1,6,A,1,3,4,4,5,5,1.149,0.837,3.635,4.732,5.414,7.19,1.373,0.768,0.752990264255911
2,2,1,6,B,0,3,3,4,5,5,0.22,0.237,3.769,3.819,5.426,5.909,0.928270042194093,0.987,0.918
2,2,1,6,C,0,3,3,4,5,5,0.352,0.323,2.687,3.362,4.844,5.06,1.090,0.799,0.957312252964427
2,2,1,6,D,0,2,3,4,5,5,0.11,,2.439,3.517,6.497,5.629,,0.693,1.154
2,2,1,6,E,1,3,3,4,5,5,0.408,0.454,3.938,3.491,5.568,5.244,0.899,1.128,1.062
2,2,1,6,F,0,3,4,4,5,6,0.247,0.477,0.598,1.361,1.62,5.469,0.518,0.439,0.296215030170049
2,2,1,6,G,0,2,3,4,5,5,0.103,,3.163,1.881,4.647,4.133,,1.682,1.124
2,2,1,6,H,0,3,3,4,5,5,0.386,0.706,4.24,1.887,4.484,3.929,0.547,2.24695283518813,1.141
2,2,1,6,I,0,2,3,3,4,5,0.186,,2.688,1.953,3.337,3.701,,1.376,0.902
2,2,1,7,A,0,3,3,4,5,5,0.379,0.779,3.138,3.6767,3.854,6.105,0.487,0.853482742676857,0.631
2,2,1,7,B,0,3,3,4,5,5,0.168,0.224,2.769,2.739,4.764,4.765,0.750,1.011,1.000
2,2,1,7,C,0,3,4,4,5,5,1.1315,0.761,4.745,2.609,5.687,5.359,1.48685939553219,1.819,1.061
2,2,1,7,D,2,3,4,5,5,5,0.813,1.155,3.157,3.666,3.494,5.271,0.704,0.861,0.663
2,2,1,7,E,0,2,3,4,5,5,0.335,,2.773,2.573,1.702,5.087,,1.078,0.335
2,2,1,7,F,1,3,4,4,5,5,1.621,1.015,4.676,3.014,6.018,5.686,1.597,1.551,1.058
2,2,1,7,G,0,2,3,4,5,5,0.398,,2.951,3.123,4.702,5.282,,0.945,0.890
2,2,1,7,H,2,3,4,4,5,5,0.648,0.89,0.903,4.132,2.583,5.093,0.728089887640449,0.219,0.507
2,2,1,7,I,0,2,3,4,4,5,0.164,,2.533,2.525,4.361,6.084,,1.003,0.717
2,2,1,8,A,0,3,3,4,5,5,0.185,0.544,3.987,4.227,4.622,5.28,0.340,0.943,0.875378787878788
2,2,1,8,B,2,3,3,4,5,5,0.663,0.69,2.43,2.784,3.688,3.667,0.960869565217391,0.872844827586207,1.006
2,2,1,8,C,1,3,4,5,5,5,0.759,0.447,3.509,3.594,6.568,6.16,1.698,0.976,1.06623376623377
2,2,1,8,D,0,3,4,4,5,5,0.273,0.419,3.003,2.922,2.778,4.449,0.652,1.028,0.624
2,2,1,8,E,1,3,3,3,4,4,0.299,0.224,1.194,1.305,1.407,2.948,1.335,0.915,0.477
2,2,1,8,F,0,3,3,4,5,5,0.317,0.456,0.808,3.338,1.43,5.278,0.695,0.242,0.270935960591133
2,2,1,8,G,0,3,3,4,5,5,0.279,0.277,3.438,4.05,5.996,5.937,1.007,0.848888888888889,1.010
2,2,1,8,H,0,3,4,4,5,5,0.397,0.504,3.244,3.839,7.344,6.161,0.788,0.845,1.192
2,2,1,8,I,1,3,3,4,4,5,0.227,0.329,2.443,2.206,3.745,4.022,0.690,1.107,0.931
2,2,1,9,A,1,3,4,5,5,5,0.816,0.918,0.855,4.171,3.43,5.937,0.889,0.205,0.577732861714671
2,2,1,9,B,0,3,3,4,5,5,0.269,0.518,2.187,1.434,2.244,3.331,0.519,1.525,0.674
2,2,1,9,C,0,3,4,4,5,5,0.551,0.607,1.878,2.421,2.624,4.122,0.908,0.776,0.637
2,2,1,9,D,0,0,2,2,2,0,,,0.63,,,,,,
2,2,1,9,E,0,3,3,4,5,5,0.634,0.634,2.442,3.887,3.91,3.91,1.000,0.628,1.00
2,2,1,9,F,0,3,3,4,5,5,0.388,0.315,3.485,3.325,5.399,5.399,1.232,1.048,1.000
2,2,1,9,G,0,3,4,4,5,5,0.211,0.251,1.412,4.304,2.809,2.809,0.841,0.328,1.000
2,2,1,9,H,1,3,3,4,4,5,1.022,0.777,2.769,2.24,4.842,4.842,1.315,1.23616071428571,1.000
2,2,1,9,I,0,2,3,3,3,4,0.26,,0.527,0.851,1.435,1.435,,0.619,1.000
2,2,1,10,A,0,3,3,4,5,5,0.224,0.203,3.343,3.257,6.103,5.542,1.103,1.026,1.101
2,2,1,10,B,0,3,4,4,5,5,0.293,0.398,2.407,2.716,4.404,5.575,0.736,0.886,0.790
2,2,1,10,C,0,2,3,4,5,5,0.135,,3.042,3.31,5.273,5.728,,0.919033232628399,0.921
2,2,1,10,D,2,3,4,4,4,5,0.38,0.572,3.051,4.359,4.728,5.202,0.664335664335664,0.700,0.909
2,2,1,10,E,1,3,3,4,5,5,0.583,0.653,4.405,1.261,4.18,3.002,0.893,3.493,1.39240506329114
2,2,1,10,F,1,3,3,4,5,5,0.332,0.374,1.958,2.596,3.255,4.567,0.888,0.754,0.713
2,2,1,10,G,0,2,3,4,4,5,0.157,,2.927,2.246,4.621,3.855,,1.303,1.199
2,2,1,10,H,2,2,3,4,5,5,0.524,,1.059,2.267,2.216,3.436,,0.467,0.645
2,2,1,10,I,0,2,3,4,5,5,0.109,,2.737,1.493,4.424,4.998,,1.833,0.885
2,3,1,1,A,0,3,4,5,5,5,0.441,0.51,1.747,4.113,2.22,4.609,0.864705882352941,0.425,0.481666305055327
2,3,1,1,B,0,3,3,4,5,5,0.275,0.554,0.933,1.786,0.979,3.245,0.496,0.522,0.302
2,3,1,1,C,0,2,3,4,4,5,0.491,,1.496,2.511,2.238,5.295,,0.596,0.423
2,3,1,1,D,2,3,4,5,5,5,0.503,0.879,0.36,3.688,0.698,4.967,0.572,0.0976138828633406,0.141
2,3,1,1,E,0,2,3,4,5,5,0.364,,2.112,2.997,3.439,3.854,,0.705,0.892
2,3,1,1,F,0,2,3,4,4,4,0.284,,0.748,3.056,1.232,4.925,,0.245,0.250
2,3,1,1,G,0,2,3,4,5,5,0.196,,0.931,3.377,2.396,6.43,,0.276,0.372628304821151
2,3,1,1,H,0,3,3,4,5,5,0.365,0.482,1.379,4.079,2.415,5.719,0.757,0.338,0.422
2,3,1,1,I,0,3,3,4,5,5,0.3,0.526,0.855,3.461,1.701,6.152,0.570342205323194,0.247,0.276
2,3,1,2,A,0,3,3,4,5,5,0.257,0.636,1.042,3.92,2.502,5.581,0.404,0.265816326530612,0.448
2,3,1,2,B,0,3,3,4,5,5,0.325,0.315,1.561,3.336,1.563,5.538,1.032,0.468,0.282
2,3,1,2,C,2,3,4,5,5,6,0.814,1.062,0.839,5.519,1.531,6.955,0.766,0.152,0.220
2,3,1,2,D,0,2,3,3,3,3,0.336,,0.55,1.477,0.496,1.808,,0.37237643872715,0.274
2,3,1,2,E,0,3,3,4,5,6,0.157,0.109,3.453,1.408,0.588,4.011,1.440,2.452,0.147
2,3,1,2,F,2,3,4,5,5,6,0.424,1.453,0.747,5.376,0.543,6.858,0.292,0.139,0.079
2,3,1,2,G,2,4,4,5,5,6,0.434,1.232,0.733,4.597,4.011,5.195,0.352,0.159,0.772
2,3,1,2,H,0,3,3,4,4,5,0.254,0.19,2.192,2.938,1.554,6.579,1.33684210526316,0.746,0.236
2,3,1,2,I,3,3,4,5,5,6,0.663,0.756,2.959,3.496,3.033,5.044,0.877,0.846,0.601
2,3,1,3,A,1,3,4,5,5,5,0.518,0.906,1.398,5.396,1.456,7.452,0.572,0.259,0.195
2,3,1,3,B,0,3,4,5,5,5,0.54,0.685,0.572,3.556,0.698,5.158,0.788321167883212,0.161,0.135
2,3,1,3,C,1,3,4,4,5,5,0.28,0.461,1.459,5.125,1.408,7.875,0.607375271149675,0.285,0.179
2,3,1,3,D,2,3,4,5,5,5,0.52,0.997,1.237,4.153,2.605,5.824,0.521564694082247,0.298,0.447
2,3,1,3,E,2,3,4,5,5,5,0.378,0.91,1.685,4.808,1.543,5.328,0.415384615384615,0.350,0.290
2,3,1,3,F,0,2,3,3,3,3,0.235,,1.109,1.446,0.518,1.41,,0.767,0.367375886524823
2,3,1,3,G,0,3,4,4,5,6,0.406,0.62,0.567,3.618,3.38,6.169,0.654838709677419,0.157,0.547900794294051
2,3,1,3,H,0,3,3,4,5,5,0.163,0.488,3.56,3.95,2.165,4.965,0.334,0.90,0.436
2,3,1,3,I,1,3,4,5,5,6,0.856,0.785,0.827,5.31,2.911,6.933,1.090,0.155743879472693,0.420
2,3,1,4,A,2,3,4,5,5,6,0.44,0.606,0.523,4.265,1.928,5.179,0.726072607260726,0.123,0.372
2,3,1,4,B,0,2,3,4,4,5,0.182,,0.418,1.618,0.495,4.634,,0.258,0.107
2,3,1,4,C,0,3,4,4,5,5,0.278,0.388,2.441,4.564,2.011,6.966,0.716,0.535,0.289
2,3,1,4,D,1,2,4,4,5,5,0.699,,1.893,3.73,1.788,5.27,,0.507506702412869,0.339278937381404
2,3,1,4,E,1,3,4,5,5,5,0.517,0.674,1.176,4.891,0.788,5.47,0.767,0.240,0.144058500914077
2,3,1,4,F,0,3,4,4,5,5,0.604,0.332,1.613,4.366,3.055,5.928,1.819,0.369,0.515
2,3,1,4,G,1,2,3,3,4,4,0.62,,0.73,1.457,0.836,3.395,,0.501029512697323,0.246
2,3,1,4,H,0,3,4,5,5,5,0.593,0.589,1.352,4.683,1.519,6.265,1.007,0.289,0.242
2,3,1,4,I,1,3,4,5,5,6,0.418,0.832,0.968,3.676,0.776,3.253,0.502,0.263,0.239
2,3,1,5,A,1,3,3,5,5,5,1.17,0.629,0.513,3.369,0.622,3.88,1.86009538950715,0.152,0.160309278350515
2,3,1,5,B,0,2,3,4,5,5,0.202,,1.067,2.913,1.439,5.734,,0.366,0.251
2,3,1,5,C,2,3,4,5,5,5,0.651,0.817,1.103,3.952,3.164,5.655,0.797,0.279,0.560
2,3,1,5,D,2,3,4,4,5,5,1.305,0.577,0.461,3.646,1.143,5.797,2.262,0.126,0.197
2,3,1,5,E,0,2,3,4,5,5,0.263,,1.353,2.773,0.974,5.759,,0.488,0.169
2,3,1,5,F,1,3,4,5,5,6,0.481,0.564,1.546,3.39,0.851,3.449,0.853,0.456047197640118,0.247
2,3,1,5,G,3,3,4,5,5,6,0.669,1.22,2.031,4.805,1.406,5.469,0.548360655737705,0.423,0.257
2,3,1,5,H,0,2,3,4,5,5,0.398,,0.84,3.838,1.302,5.393,,0.218863991662324,0.241
2,3,1,5,I,3,3,4,4,5,5,0.595,0.852,0.875,2.729,1.195,2.867,0.698,0.321,0.417
2,3,1,6,A,0,2,3,4,4,5,0.183,,0.429,2.336,0.566,4.628,,0.184,0.122
2,3,1,6,B,0,2,3,3,4,5,0.22,,1.417,1.811,1.332,4.773,,0.782,0.279
2,3,1,6,C,0,3,3,4,5,5,0.184,0.236,0.614,1.783,1.184,3.696,0.780,0.344,0.320
2,3,1,6,D,0,2,3,4,4,5,0.646,,2.094,2.383,1.537,5.639,,0.879,0.273
2,3,1,6,E,1,3,4,4,5,5,0.39,0.316,3.311,3.668,2.974,6.149,1.23417721518987,0.903,0.484
2,3,1,6,F,2,3,4,5,5,5,1.125,0.648,1.082,4.292,1.364,5.797,1.736,0.252,0.235
2,3,1,6,G,1,3,4,5,5,5,0.98,0.761,0.861,3.373,1.205,4.766,1.28777923784494,0.255,0.253
2,3,1,6,H,1,3,4,5,5,5,0.832,0.51,2.6,4.611,4.213,6.039,1.63137254901961,0.563869008891781,0.698
2,3,1,6,I,0,2,3,3,3,4,0.178,,0.757,0.832,1.009,2.447,,0.910,0.412
2,3,1,7,A,1,3,4,5,5,5,0.575,1.1,1.004,4.989,2.643,6.429,0.522727272727273,0.201,0.411
2,3,1,7,B,0,2,3,3,4,4,0.282,,0.512,1.6,1.582,1.635,,0.32,0.968
2,3,1,7,C,2,3,4,5,5,6,0.3,0.693,1.64,3.984,1.821,5.586,0.432900432900433,0.411646586345382,0.326
2,3,1,7,D,2,3,4,5,5,5,0.499,0.792,1.454,5.075,2.173,5.907,0.630,0.287,0.368
2,3,1,7,E,0,0,0,1,2,0,,,,,,,,,
2,3,1,7,F,1,3,4,5,5,6,0.464,0.807,1.875,3.568,0.919,3.983,0.575,0.526,0.231
2,3,1,7,G,0,3,4,5,5,5,0.729,0.677,2.088,4.622,0.938,5.511,1.077,0.452,0.170
2,3,1,7,H,0,3,3,4,5,6,0.807,0.373,2.09,3.778,1.668,5.757,2.164,0.553202752779248,0.290
2,3,1,7,I,2,3,4,5,5,5,0.52,0.735,1.685,4.783,1.83,6.24,0.707482993197279,0.352,0.29
2,3,1,8,A,0,2,3,4,4,5,0.338,,0.639,2.264,2.055,3.968,,0.282,0.518
2,3,1,8,B,0,3,4,4,5,5,0.682,0.52,0.726,3.901,0.82,4.569,1.31153846153846,0.186,0.179470343620048
2,3,1,8,C,1,3,4,4,5,5,0.775,0.601,0.476,3.857,1.538,5.981,1.290,0.123,0.257
2,3,1,8,D,0,2,3,3,4,5,0.59,,2.295,1.486,3.886,2.133,,1.544,1.822
2,3,1,8,E,2,3,3,4,5,5,0.244,0.255,1.857,3.165,2.021,3.919,0.957,0.587,0.516
2,3,1,8,F,2,3,4,4,5,5,0.512,0.483,0.838,2.829,0.59,3.579,1.060,0.296,0.164850516904163
2,3,1,8,G,0,3,3,4,5,5,0.651,0.73,0.938,2.414,1.268,3.994,0.891780821917808,0.389,0.317
2,3,1,8,H,0,3,3,4,5,5,0.861,0.647,1.253,3.038,1.936,4.662,1.331,0.412,0.415
2,3,1,8,I,2,3,4,5,5,6,0.474,1.08,1.783,4.683,3,6.111,0.438888888888889,0.381,0.490918016691213
2,3,1,9,A,2,3,4,5,5,6,0.364,0.437,0.41,4.727,0.755,5.99,0.833,0.0867357732176856,0.126043405676127
2,3,1,9,B,2,3,3,4,5,5,0.571,0.361,1.755,3.671,0.848,5.11,1.582,0.478,0.165949119373777
2,3,1,9,C,0,2,3,4,4,5,0.241,,0.827,2.262,1.295,4.494,,0.366,0.288
2,3,1,9,D,2,3,4,5,5,6,0.827,1.132,0.812,5.718,2.691,6.228,0.731,0.142,0.432
2,3,1,9,E,0,3,4,5,5,5,0.635,0.486,1.98,3.888,2.747,5.55,1.307,0.509259259259259,0.494954954954955
2,3,1,9,F,1,3,3,5,5,6,0.304,0.556,0.688,1.38,0.878,3.3,0.547,0.498550724637681,0.266060606060606
2,3,1,9,G,2,3,4,5,5,5,0.855,0.808,1.868,4.705,1.554,6.297,1.058,0.397,0.247
2,3,1,9,H,0,2,3,4,5,5,0.564,,0.705,3.188,1.132,4.934,,0.221,0.229
2,3,1,9,I,0,2,3,3,4,5,0.392,,1.324,1.423,2.067,5.783,,0.930,0.357
2,3,1,10,A,0,3,4,4,5,5,0.627,0.464,0.865,2.91,1.025,5.051,1.351,0.297250859106529,0.203
2,3,1,10,B,2,3,4,5,5,6,0.479,0.974,0.818,4.159,3.197,6.257,0.492,0.197,0.511
2,3,1,10,C,0,2,4,3,4,5,0.143,,0.934,1.087,2.258,5.699,,0.859,0.396
2,3,1,10,D,1,3,4,5,5,5,0.309,0.831,0.693,4.41,2.173,6.78,0.372,0.157142857142857,0.320501474926254
2,3,1,10,E,0,3,3,4,4,5,0.283,0.66,1.72,3.377,1.546,6.666,0.428787878787879,0.509327805744744,0.232
2,3,1,10,F,1,3,4,5,5,6,0.607,0.949,0.737,4.817,3.902,7.357,0.640,0.153,0.530
2,3,1,10,G,1,3,4,5,5,6,0.588,0.731,0.977,3.389,2.838,4.3,0.804,0.288,0.66
2,3,1,10,H,0,3,4,5,5,6,0.362,0.581,0.633,4.404,1.511,6.77,0.623,0.144,0.223190546528804
2,3,1,10,I,0,3,4,4,5,5,0.389,0.348,1.263,3.35,2.118,5.682,1.118,0.377014925373134,0.373
2,1,2,1,A,0,3,4,5,5,6,0.542,0.696,11.831,3.934,18.296,16.73,0.779,3.007,1.09360430364614
2,1,2,1,B,0,3,3,5,5,6,0.309,0.824,10.546,4.663,37.125,14.66,0.375,2.262,2.53240109140518
2,1,2,1,C,0,3,4,4,5,6,0.618,0.519,12.678,4.994,20.564,16.288,1.191,2.539,1.263
2,1,2,1,D,0,3,4,5,5,5,0.671,0.479,9.812,5.616,27.416,11.776,1.401,1.747,2.328
2,1,2,1,E,0,3,3,4,5,6,0.239,0.423,5.91,5.194,29.594,11.729,0.565,1.13785136696188,2.523
2,1,2,1,F,0,3,4,5,5,6,0.381,0.699,8.096,2.592,19.218,10.661,0.545,3.123,1.803
2,1,2,1,G,0,3,3,4,5,6,0.275,0.871,4.227,5.101,30.398,10.158,0.316,0.829,2.993
2,1,2,1,H,0,3,3,4,5,6,0.418,0.554,11.03,4.717,24.704,7.206,0.755,2.33835064659741,3.428
2,1,2,1,I,0,3,3,4,5,6,0.302,0.34,8.343,3.936,20.342,13.266,0.888235294117647,2.120,1.533
2,1,2,2,A,0,2,3,4,5,5,0.422,,13.049,4.713,33.711,14.586,,2.769,2.311
2,1,2,2,B,0,3,4,4,5,5,0.586,0.672,14.775,5.097,34.129,16.689,0.872,2.899,2.045
2,1,2,2,C,0,2,3,4,5,5,0.181,,6.406,2.553,18.491,9.586,,2.509,1.929
2,1,2,2,D,0,3,4,5,5,6,0.395,0.464,10.862,3.162,29.249,13.015,0.851,3.435,2.247
2,1,2,2,E,0,3,4,5,5,6,1.023,0.717,14.716,3.959,32.995,12.693,1.427,3.717,2.599
2,1,2,2,F,0,2,3,4,5,5,0.206,,9.276,3.489,24.562,13.693,,2.659,1.794
2,1,2,2,G,0,2,3,4,5,6,0.498,,9.444,4.776,27.855,12.278,,1.977,2.269
2,1,2,2,H,0,2,3,4,5,5,0.198,,6.076,4.24,24.278,13.071,,1.43301886792453,1.857
2,1,2,2,I,0,3,3,4,5,6,0.289,0.623,9.245,3.924,25.995,14.466,0.464,2.356,1.797
2,1,2,3,A,0,3,4,5,5,6,0.573,0.555,18.943,5.588,35.235,15.08,1.032,3.390,2.33653846153846
2,1,2,3,B,0,3,4,5,5,6,0.503,0.679,14.118,5.057,30.519,10.594,0.741,2.792,2.881
2,1,2,3,C,0,2,3,4,5,5,0.136,,7.4,3.966,22.46,9.011,,1.86585980837115,2.49250915547664
2,1,2,3,D,0,3,3,4,5,6,0.246,0.589,9.904,4.482,26.704,12.803,0.418,2.210,2.086
2,1,2,3,E,0,3,3,4,5,5,0.586,0.681,7.369,3.936,24.51,12.099,0.860,1.872,2.02578725514505
2,1,2,3,F,0,3,3,4,5,6,0.235,0.35,9.331,4.023,19.831,13.86,0.671428571428571,2.319,1.43080808080808
2,1,2,3,G,0,3,3,5,5,6,0.307,0.446,11.592,4.624,15.682,10.202,0.688,2.507,1.537
2,1,2,3,H,0,3,4,4,5,6,0.428,1.008,14.267,5.245,25.462,13.288,0.425,2.720,1.916
2,1,2,3,I,0,3,3,4,5,6,0.284,0.358,11.541,4.828,26.269,12.916,0.793,2.390,2.034
2,1,2,4,A,0,3,3,4,5,6,0.099,0.409,10.795,4.507,22.815,14.129,0.242,2.395,1.615
2,1,2,4,B,0,2,3,4,5,6,0.187,,6.436,4.128,18.192,7.313,,1.559,2.488
2,1,2,4,C,0,3,3,4,5,6,0.694,1.19,9.098,4.618,23.813,14.078,0.583193277310924,1.970,1.692
2,1,2,4,D,0,3,4,5,5,6,0.471,0.403,14.704,3.053,30.593,8.313,1.169,4.816,3.680
2,1,2,4,E,0,3,4,5,5,6,0.908,0.603,15.507,4.727,25.846,13.409,1.506,3.281,1.928
2,1,2,4,F,0,3,4,5,5,6,0.438,0.52,9.897,4.232,22.904,11.968,0.842307692307692,2.339,1.914
2,1,2,4,G,0,3,3,4,5,5,0.125,0.362,4.776,4.593,13.918,12.642,0.345,1.040,1.101
2,1,2,4,H,0,2,3,4,5,6,0.226,,6.247,4.273,23.768,11.861,,1.462,2.004
2,1,2,4,I,0,3,4,5,5,6,0.445,0.605,14.278,3.399,23.893,13.267,0.736,4.201,1.801
2,1,2,5,A,0,1,3,4,5,5,,,3.969,4.267,12.329,8.435,,0.930,1.462
2,1,2,5,B,0,2,4,4,5,5,0.379,,4.673,4.314,20.395,12.898,,1.083,1.581
2,1,2,5,C,0,3,3,5,5,5,0.249,0.715,13.425,4.753,23.492,8.433,0.348,2.825,2.786
2,1,2,5,D,0,3,3,4,5,6,0.118,0.33,9.022,3.946,18.132,13.015,0.357575757575758,2.286,1.393
2,1,2,5,E,0,3,3,4,5,6,0.329,0.37,13.564,4.847,25.585,12.81,0.889189189189189,2.798,1.99726775956284
2,1,2,5,F,0,3,3,4,5,6,0.159,0.542,10.585,4.84,30.368,15.293,0.293,2.18698347107438,1.986
2,1,2,5,G,0,2,3,4,5,6,0.489,,7.634,3.007,26.811,11.574,,2.539,2.316
2,1,2,5,H,0,3,3,5,5,6,0.261,0.673,13.05,5.347,20.602,10.917,0.388,2.44062090892089,1.887
2,1,2,5,I,0,3,4,4,5,6,1.079,1.106,14.81,5.495,26.418,13.741,0.976,2.69517743403094,1.923
2,1,2,6,A,0,3,4,4,5,6,0.274,0.736,14.522,4.539,29.451,12.253,0.372,3.199,2.404
2,1,2,6,B,0,2,3,4,5,5,0.178,,2.325,4.217,15.652,8.103,,0.551,1.932
2,1,2,6,C,0,2,3,4,5,6,0.503,,6.187,4.212,23.905,13.022,,1.469,1.836
2,1,2,6,D,0,0,0,0,0,0,,,,,,,,,
2,1,2,6,E,0,1,3,4,5,5,,,5.052,2.832,23.834,11.365,,1.784,2.097
2,1,2,6,F,0,3,3,5,5,6,0.115,0.28,12.327,5.5,29.998,14.899,0.410714285714286,2.24127272727273,2.013
2,1,2,6,G,0,3,4,4,5,6,0.658,0.718,8.318,5.071,29.109,15.993,0.916,1.640,1.820
2,1,2,6,H,0,3,3,4,5,5,0.181,0.707,9.89,3.206,26.06,19.654,0.256,3.08484092326887,1.32593874020556
2,1,2,6,I,0,3,3,4,5,6,0.099,0.237,7.968,4.499,19.014,14.334,0.418,1.771,1.326
2,1,2,7,A,0,3,3,5,5,6,0.145,0.66,13.447,2.257,19.417,10.141,0.21969696969697,5.958,1.915
2,1,2,7,B,0,3,3,5,5,6,0.514,0.44,13.393,4.229,27.059,10.161,1.16818181818182,3.167,2.663
2,1,2,7,C,0,0,3,4,4,5,,,7.69,2.4,17.723,4.684,,3.20416666666667,3.784
2,1,2,7,D,0,3,3,4,5,5,0.507,0.543,15.891,5.608,24.751,10.329,0.934,2.834,2.396
2,1,2,7,E,0,3,3,5,5,6,0.426,0.592,17.045,4.425,29.979,13.722,0.720,3.852,2.185
2,1,2,7,F,0,3,3,4,5,6,0.866,0.738,13.084,4.282,22.12,12.694,1.173,3.056,1.74255553804947
2,1,2,7,G,0,3,4,5,5,5,0.53,0.647,11.534,1.629,28.61,9.505,0.819165378670788,7.080,3.00999473961073
2,1,2,7,H,0,3,3,4,5,6,0.276,0.359,14.155,3.307,39.078,11.675,0.769,4.280,3.347
2,1,2,7,I,0,2,3,4,5,5,0.124,,10.414,4.941,16.012,13.019,,2.108,1.230
2,1,2,8,A,0,3,3,4,5,6,0.255,0.536,7.009,4.584,23.352,13.035,0.476,1.529,1.791
2,1,2,8,B,0,3,3,4,5,6,0.172,0.394,8.516,4.412,14.831,13.292,0.437,1.930,1.116
2,1,2,8,C,0,3,4,5,5,6,0.212,0.269,2.563,4.647,18.056,13.078,0.788,0.552,1.381
2,1,2,8,D,0,3,3,4,5,6,0.173,0.571,16.075,5.314,36.978,7.505,0.303,3.025,4.927
2,1,2,8,E,0,2,3,4,5,6,0.24,,5.394,4.024,21.389,9.523,,1.340,2.246
2,1,2,8,F,0,3,4,5,5,6,0.344,0.807,6.138,4.629,14.419,12.894,0.426,1.326,1.118
2,1,2,8,G,0,3,4,5,5,6,1.438,0.533,14.54,5.444,21.687,13.243,2.698,2.67083027185893,1.638
2,1,2,8,H,0,3,4,5,5,6,1.718,0.872,19.482,5.345,41.908,18.368,1.970,3.645,2.282
2,1,2,8,I,0,3,4,5,5,6,0.186,0.384,11.623,5.173,22.95,11.123,0.484,2.247,2.06329227726333
2,1,2,9,A,0,3,4,5,5,6,1.057,0.859,17.61,4.892,34.576,15.669,1.231,3.59975470155356,2.207
2,1,2,9,B,0,3,3,4,5,6,0.595,0.467,14.502,4.409,31.6,14.375,1.274,3.289,2.19826086956522
2,1,2,9,C,0,3,4,5,5,6,0.247,0.639,12.363,4.113,24.688,13.822,0.387,3.006,1.786
2,1,2,9,D,0,3,3,4,5,5,0.264,0.298,12.974,3.36,29.961,10.38,0.886,3.86130952380952,2.8864161849711
2,1,2,9,E,0,3,3,4,5,6,0.31,0.415,12.811,4.019,35.422,10.843,0.746987951807229,3.188,3.267
2,1,2,9,F,0,3,4,5,5,6,1.367,0.729,15.695,4.696,28.454,16.536,1.875,3.342,1.721
2,1,2,9,G,0,3,3,4,5,6,0.254,0.318,8.862,2.016,17.211,7.432,0.799,4.396,2.316
2,1,2,9,H,0,1,3,4,5,6,,,7.131,4.181,22.833,13.308,,1.706,1.716
2,1,2,9,I,0,2,3,4,5,6,0.201,,10.076,3.981,15.509,13.813,,2.531,1.123
2,1,2,10,A,0,3,3,4,5,6,0.397,0.336,11.851,4.541,29.335,13.274,1.182,2.610,2.210
2,1,2,10,B,0,3,3,4,5,6,0.254,0.44,13.757,4.688,28.535,12.535,0.577272727272727,2.935,2.276
2,1,2,10,C,0,3,3,4,5,6,0.183,0.269,3.309,4.984,23.809,11.14,0.680,0.664,2.13725314183124
2,1,2,10,D,0,3,3,5,5,6,0.156,0.488,15.044,5.553,24.607,15.757,0.320,2.709,1.562
2,1,2,10,E,0,2,3,4,5,5,0.371,,4.109,5.061,23.055,10.986,,0.812,2.099
2,1,2,10,F,0,3,3,4,5,6,0.453,0.764,5.312,4.708,20.162,12.715,0.593,1.128,1.586
2,1,2,10,G,0,2,3,1,5,5,0.288,,8.794,3.501,25.882,12.467,,2.512,2.076
2,1,2,10,H,0,3,3,5,5,6,0.754,1.007,14.375,4.511,31.199,13.967,0.749,3.187,2.234
2,1,2,10,I,0,2,3,4,5,5,0.167,,5.003,4.612,23.052,12.76,,1.085,1.80658307210031
2,2,2,1,A,0,2,3,4,5,6,0.537,,11.972,5.254,18.032,13.927,,2.279,1.295
2,2,2,1,B,0,3,3,4,5,6,0.707,0.574,5.31,4.655,21.095,12.162,1.232,1.14070891514501,1.735
2,2,2,1,C,0,3,4,5,5,6,0.552,0.742,14.583,4.324,31.872,12.837,0.744,3.373,2.483
2,2,2,1,D,0,3,3,4,5,6,0.786,0.617,9.521,5.241,29.205,13.628,1.274,1.817,2.143
2,2,2,1,E,0,3,4,5,5,6,1.658,1.083,14.466,5.027,8.698,11.803,1.531,2.878,0.737
2,2,2,1,F,0,1,3,4,5,6,,,4.571,3.903,11.762,10.883,,1.171,1.081
2,2,2,1,G,0,3,3,4,5,6,0.383,0.492,13.215,4.149,31.75,15.037,0.778,3.185,2.1114584026069
2,2,2,1,H,0,2,3,4,5,6,0.373,,8.804,4.486,26.424,15.199,,1.963,1.739
2,2,2,1,I,0,2,4,4,5,6,0.357,,13.248,5.246,24.658,15.462,,2.525,1.595
2,2,2,2,A,0,1,3,4,5,6,,,12.623,5.015,25.124,8.718,,2.517,2.882
2,2,2,2,B,0,1,3,4,5,5,,,12.698,5.121,28.679,10.079,,2.480,2.845
2,2,2,2,C,0,2,3,4,5,6,0.449,,9.771,4.871,20.573,12.674,,2.006,1.623
2,2,2,2,D,0,2,3,4,5,5,0.342,,14.014,4.831,34.922,13.104,,2.901,2.665
2,2,2,2,E,0,3,3,5,5,6,0.291,0.483,6.626,4.257,12.72,12.454,0.602,1.556,1.0213585996467
2,2,2,2,F,0,1,3,4,5,6,,,12.757,3.497,33.902,12.977,,3.648,2.612
2,2,2,2,G,0,3,3,5,5,5,0.312,0.679,17.256,5.033,30.333,7.462,0.459,3.429,4.065
2,2,2,2,H,0,2,3,4,5,5,0.15,,13.061,5.263,28.065,10.35,,2.482,2.71159420289855
2,2,2,2,I,0,3,3,4,5,6,0.361,0.399,12.56,4.086,29.702,15.302,0.905,3.07391091532061,1.941
2,2,2,3,A,0,2,3,4,5,6,0.287,,10.432,4.489,23.722,16.149,,2.324,1.469
2,2,2,3,B,0,3,3,4,5,5,0.168,0.187,7.65,4.049,24.767,8.773,0.898,1.88935539639417,2.823
2,2,2,3,C,0,3,3,4,5,5,0.171,0.443,8.051,4.977,21.501,14.56,0.386,1.618,1.47671703296703
2,2,2,3,D,0,3,4,5,5,6,0.237,0.468,14.332,4.488,28.556,15.298,0.506,3.193,1.867
2,2,2,3,E,0,3,4,5,5,6,0.334,0.562,13.703,4.916,31.355,9.705,0.594,2.787,3.231
2,2,2,3,F,0,3,3,4,5,5,0.184,0.448,9.984,4.007,29.946,13.78,0.411,2.492,2.17314949201742
2,2,2,3,G,0,3,4,5,5,6,0.234,0.51,18.36,5.748,34.781,18,0.458823529411765,3.19415448851775,1.93227777777778
2,2,2,3,H,0,2,3,4,5,6,0.199,,13.64,3.78,24.96,6.424,,3.61,3.8854296388543
2,2,2,3,I,0,2,3,4,5,5,0.535,,14.316,5.214,27.545,14.149,,2.746,1.947
2,2,2,4,A,0,3,4,5,5,6,0.176,0.512,13.858,5.655,23.985,11.659,0.344,2.451,2.057
2,2,2,4,B,0,3,3,4,5,6,0.243,0.322,8.169,3.493,27.209,11.009,0.755,2.339,2.472
2,2,2,4,C,0,3,3,5,5,6,0.066,0.161,10.659,2.998,27.038,5.947,0.410,3.555,4.546
2,2,2,4,D,0,3,4,5,5,6,0.543,0.386,14.267,5.659,26.312,15.387,1.407,2.521,1.710
2,2,2,4,E,0,3,4,5,5,6,0.451,0.707,15.438,3.907,32.424,14.318,0.638,3.951,2.265
2,2,2,4,F,0,3,3,5,5,6,0.251,0.189,11.416,4.64,24.878,14.463,1.328,2.46034482758621,1.720
2,2,2,4,G,0,3,3,4,5,6,0.197,0.342,13.129,4.651,21.851,16.23,0.576,2.823,1.34633394947628
2,2,2,4,H,0,3,3,4,5,6,0.182,0.237,10.838,3.659,30.166,15.619,0.768,2.962,1.931
2,2,2,4,I,0,3,3,4,5,6,0.132,0.417,13.793,4.195,16.422,8.235,0.317,3.288,1.994
2,2,2,5,A,0,1,3,4,5,6,,,9.031,3.377,23.176,5.265,,2.674,4.402
2,2,2,5,B,0,3,4,5,5,6,0.183,0.413,14.196,5.201,28.012,14.845,0.443,2.729,1.887
2,2,2,5,C,0,3,3,4,5,6,0.2,0.353,6.375,3.316,19.044,11.781,0.56657223796034,1.922,1.617
2,2,2,5,D,0,3,4,5,5,6,0.203,1.058,13.551,4.711,20.485,8.616,0.192,2.876,2.378
2,2,2,5,E,0,3,4,5,5,6,0.258,0.276,14.557,5.085,16.005,14.596,0.935,2.863,1.097
2,2,2,5,F,0,3,4,5,5,6,0.171,0.436,13.813,3.606,21.093,10.274,0.392,3.831,2.053
2,2,2,5,G,0,3,3,5,5,6,0.49,0.673,9.139,2.574,24.017,11.636,0.728083209509658,3.551,2.064
2,2,2,5,H,0,3,3,4,5,5,0.177,0.174,13.664,4.468,28.933,6.895,1.017,3.058,4.196
2,2,2,5,I,0,3,4,4,5,6,0.661,0.59,10.692,4.145,14.165,10.969,1.12033898305085,2.579,1.291
2,2,2,6,A,0,2,3,4,5,5,0.714,,10.252,5.308,24.663,15.308,,1.931,1.611
2,2,2,6,B,0,2,3,4,5,5,0.351,,13.218,4.523,18.838,9.649,,2.922,1.952
2,2,2,6,C,0,3,3,4,5,6,0.497,0.852,7.676,4.857,27.603,14.671,0.583,1.580,1.881
2,2,2,6,D,0,3,3,4,5,6,0.398,0.648,13.874,1.981,32.38,11.824,0.614,7.004,2.73849797023004
2,2,2,6,E,0,3,3,4,5,5,0.194,0.392,12.02,3.095,32.175,8.539,0.495,3.88368336025848,3.768
2,2,2,6,F,0,3,3,4,5,6,0.412,0.636,16.599,5.199,28.176,14.903,0.648,3.193,1.891
2,2,2,6,G,0,3,3,4,5,6,0.329,0.59,12.094,4.141,31.331,14.615,0.557627118644068,2.921,2.144
2,2,2,6,H,0,3,3,4,5,6,1.205,1.364,7.104,2.165,27.69,8.07,0.883,3.281,3.43
2,2,2,6,I,0,3,4,5,5,6,0.189,0.28,17.634,4.398,35.504,16.081,0.675,4.010,2.208
2,2,2,7,A,0,3,3,5,5,6,0.494,0.502,7.498,3.427,24.542,7.559,0.984,2.188,3.247
2,2,2,7,B,0,3,4,5,5,6,1.612,0.702,15.37,5.139,23.199,16.156,2.296,2.99085425179996,1.436
2,2,2,7,C,0,1,3,4,5,5,,,2.575,4.267,10.063,10.983,,0.603,0.916
2,2,2,7,D,0,3,3,4,5,6,1.646,0.872,14.7,2.612,34.556,11.892,1.888,5.62787136294028,2.906
2,2,2,7,E,0,0,3,4,5,5,,,7.269,3.589,25.928,6.832,,2.025,3.795
2,2,2,7,F,0,3,4,5,5,6,1.478,0.898,14.024,3.459,21.617,6.161,1.646,4.054,3.509
2,2,2,7,G,0,2,3,4,5,6,0.305,,6.981,4.39,30.046,13.185,,1.59020501138952,2.279
2,2,2,7,H,0,1,3,4,5,6,,,11.566,4.68,37.705,5.537,,2.47136752136752,6.810
2,2,2,7,I,0,3,4,5,5,6,0.675,0.503,10.859,4.401,28.038,12.838,1.342,2.467,2.184
2,2,2,8,A,0,3,4,5,5,6,0.235,0.559,10.545,3.207,13.52,10.084,0.420,3.288,1.34073780245934
2,2,2,8,B,0,3,3,4,5,5,0.644,0.374,8.228,5.594,27.639,13.203,1.722,1.471,2.093
2,2,2,8,C,0,2,3,4,5,5,0.559,,4.385,1.463,16.764,7.095,,2.997,2.363
2,2,2,8,D,0,3,4,4,5,6,0.461,0.154,10.815,5.031,25.425,15.677,2.994,2.150,1.622
2,2,2,8,E,0,2,3,4,5,6,0.154,,8.898,5.033,29.889,13.715,,1.768,2.179
2,2,2,8,F,0,2,3,4,5,6,0.441,,8.964,4.52,23.262,12.768,,1.98318584070796,1.822
2,2,2,8,G,0,2,3,4,5,6,0.085,,6.946,5.283,15.888,13.713,,1.315,1.159
2,2,2,8,H,0,3,4,4,5,6,0.392,1.058,11.494,4.662,20.137,14.371,0.371,2.465,1.401
2,2,2,8,I,0,2,3,4,5,6,0.133,,11.247,3.728,23.505,15.813,,3.017,1.486
2,2,2,9,A,0,3,3,4,5,5,1.675,0.775,12.926,3.512,26.168,13.947,2.161,3.681,1.876
2,2,2,9,B,0,2,4,4,5,6,0.679,,13.938,4.03,27.22,13.712,,3.45856079404467,1.98512252042007
2,2,2,9,C,0,3,3,4,5,5,0.212,0.329,8.296,4.077,18.579,10.059,0.644,2.035,1.847
2,2,2,9,D,0,3,3,4,5,5,0.358,0.426,14.122,4.692,20.727,14.847,0.840,3.010,1.396
2,2,2,9,E,0,3,3,4,5,6,0.146,0.188,17.127,5.24,32.98,10.466,0.777,3.26851145038168,3.15115612459392
2,2,2,9,F,0,3,4,5,5,6,1.352,1.23,16.383,5.461,33.774,16.559,1.09918699186992,3.000,2.040
2,2,2,9,G,0,3,3,4,5,6,0.498,0.332,14.796,4.462,30.714,11.961,1.500,3.316,2.568
2,2,2,9,H,0,3,3,4,5,6,1.102,0.869,16.531,4.56,22.524,15.105,1.268,3.62521929824561,1.491
2,2,2,9,I,0,3,4,4,5,6,0.942,0.589,11.068,5.262,21.053,13.686,1.599,2.103,1.538
2,2,2,10,A,0,2,3,4,5,5,0.19,,6.874,1.143,27.059,7.73,,6.014,3.50051746442432
2,2,2,10,B,0,2,3,4,5,6,0.461,,10.931,2.79,25.095,6.108,,3.91792114695341,4.109
2,2,2,10,C,0,2,3,4,5,5,0.398,,6.19,2.933,20.383,8.817,,2.11046709853392,2.312
2,2,2,10,D,0,3,4,5,5,6,0.655,0.385,18.386,4.799,38.818,12.048,1.701,3.831,3.222
2,2,2,10,E,0,1,3,4,5,5,,,7.016,2.634,27.113,7.933,,2.664,3.418
2,2,2,10,F,0,3,3,4,5,5,0.439,0.524,9.33,4.281,27.916,12.791,0.838,2.17939733707078,2.182
2,2,2,10,G,0,3,4,5,5,5,0.454,0.797,5.81,4.285,11.811,9.73,0.570,1.3558926487748,1.21387461459404
2,2,2,10,H,0,1,3,4,5,5,,,3.069,3.475,14.556,10.02,,0.883,1.45269461077844
2,2,2,10,I,0,3,3,4,5,6,0.448,0.581,7.354,3.834,20.693,14.049,0.771,1.918,1.473
2,3,2,1,A,0,3,4,5,5,6,0.252,0.982,8.408,6.525,22.237,13.581,0.257,1.289,1.637
2,3,2,1,B,0,3,4,5,5,6,0.568,1.343,3.544,7.878,11.38,14.601,0.423,0.450,0.779398671323882
2,3,2,1,C,0,3,4,4,5,6,0.257,0.364,1.772,5.765,14.73,14.251,0.706,0.307,1.03361167637359
2,3,2,1,D,0,3,4,4,5,5,0.124,0.348,2.164,5.389,18.051,13.182,0.356,0.402,1.369
2,3,2,1,E,0,3,3,5,5,6,0.533,0.64,7.564,7.442,21.641,14.758,0.8328125,1.016,1.466
2,3,2,1,F,0,3,4,4,5,6,0.414,0.557,8.278,5.096,18.785,13.14,0.743,1.624,1.42960426179604
2,3,2,1,G,0,3,4,5,5,6,0.572,1.281,3.204,5.281,17.963,9.422,0.447,0.607,1.906
2,3,2,1,H,0,3,3,5,5,5,0.351,0.401,2.721,5.887,21.095,14.402,0.875,0.462,1.465
2,3,2,1,I,0,2,4,5,5,6,0.353,,3.402,6.159,19.587,16.113,,0.552,1.216
2,3,2,2,A,0,3,4,5,5,6,0.201,0.623,3.527,5.244,12.681,9.245,0.323,0.673,1.372
2,3,2,2,B,0,3,4,5,5,6,0.339,0.504,3.128,7.496,16,12.139,0.673,0.417,1.31806573852871
2,3,2,2,C,0,3,3,5,5,6,0.199,0.339,2.921,7.367,20.314,12.48,0.587,0.396,1.62772435897436
2,3,2,2,D,0,3,4,5,5,6,0.144,0.535,2.776,7.036,17.091,14.9,0.269,0.395,1.14704697986577
2,3,2,2,E,0,3,4,5,6,6,0.26,0.719,2.713,6.102,19.35,7.71,0.361613351877608,0.445,2.51
2,3,2,2,F,0,1,3,4,5,6,,,3.46,6.982,7.106,17.067,,0.495560011458035,0.416
2,3,2,2,G,0,3,4,5,5,6,0.426,0.79,3.64,6.115,11.797,15.526,0.539240506329114,0.595257563368765,0.760
2,3,2,2,H,0,3,4,5,5,6,0.377,0.596,2.954,6.282,18.029,16.152,0.633,0.470,1.116
2,3,2,2,I,0,1,3,5,5,6,,,8.445,6.977,10.23,16.644,,1.210,0.61463590483057
2,3,2,3,A,0,2,3,5,5,6,0.339,,11.269,7.14,22.762,11.106,,1.57829131652661,2.050
2,3,2,3,B,0,3,4,5,6,6,0.407,0.569,11.774,6.046,17.131,10.239,0.715,1.947,1.673
2,3,2,3,C,0,3,4,5,5,6,0.28,0.428,4.475,6.71,19.474,10.998,0.654205607476636,0.666915052160954,1.771
2,3,2,3,D,0,2,4,5,6,6,0.601,,14.056,4.481,22.104,7.449,,3.137,2.967
2,3,2,3,E,0,3,3,5,5,6,0.208,0.438,2.519,4.654,17.418,11.618,0.475,0.541,1.499
2,3,2,3,F,0,2,3,5,5,6,0.213,,3.884,5.909,18.047,8.618,,0.657,2.094
2,3,2,3,G,0,3,4,5,5,6,0.39,0.606,10.324,5.294,17.966,15.228,0.643564356435644,1.950,1.180
2,3,2,3,H,0,2,3,5,5,6,0.375,,12.158,7.017,26.698,7.993,,1.733,3.340
2,3,2,3,I,0,3,3,4,5,6,0.26,0.391,6.697,3.362,17.53,12.174,0.664961636828645,1.992,1.43995400032857
2,3,2,4,A,0,3,3,5,5,6,0.185,0.211,4.14,6.3,9.369,6.648,0.877,0.657142857142857,1.409
2,3,2,4,B,0,3,4,5,6,6,0.942,1.137,12.376,7.293,14.304,17.737,0.828,1.697,0.806
2,3,2,4,C,0,3,4,5,5,5,0.243,0.879,3.408,5.75,15.11,16.837,0.276,0.592695652173913,0.897428282948269
2,3,2,4,D,0,3,4,5,5,6,0.495,0.714,5.462,6.496,18.813,16.551,0.693,0.841,1.137
2,3,2,4,E,0,2,4,5,5,6,0.347,,4.395,6.479,11.928,13.697,,0.678,0.871
2,3,2,4,F,0,3,4,5,6,6,0.408,0.734,5.343,7.163,20.331,12.848,0.556,0.746,1.582
2,3,2,4,G,0,3,3,4,5,6,0.494,0.282,2.847,5.273,13.458,10.698,1.752,0.540,1.258
2,3,2,4,H,0,0,3,4,5,5,,,6.01,4.597,16.728,6.904,,1.30737437459213,2.423
2,3,2,4,I,0,2,3,5,5,6,0.209,,4.63,6.489,12.761,17.387,,0.713515179534597,0.734
2,3,2,5,A,0,3,4,5,5,6,0.382,0.273,3.419,6.667,8.088,14.692,1.399,0.513,0.551
2,3,2,5,B,0,3,3,4,5,6,0.402,1.196,12.418,5.156,16.205,17.87,0.336,2.408,0.906827084499161
2,3,2,5,C,0,3,4,5,5,6,0.48,0.572,4.043,6.375,9.883,9.275,0.839160839160839,0.634,1.066
2,3,2,5,D,0,3,4,5,5,6,0.458,0.541,6.817,5.883,20.274,19.407,0.847,1.159,1.045
2,3,2,5,E,0,3,4,5,5,6,0.632,1.052,2.959,2.977,13.556,7.409,0.601,0.994,1.830
2,3,2,5,F,0,3,4,5,5,6,0.328,0.999,4.384,6.544,9.529,15.138,0.328,0.670,0.629
2,3,2,5,G,0,3,4,5,5,6,0.486,1.137,11.212,6.267,14.77,15.789,0.427,1.789,0.935461397175249
2,3,2,5,H,0,2,3,4,5,6,0.285,,4.561,6.304,13.326,11.076,,0.724,1.203
2,3,2,5,I,0,3,4,5,5,6,0.257,1.12,4.567,4.465,10.512,14.534,0.229464285714286,1.023,0.723
2,3,2,6,A,0,3,4,5,5,6,0.181,0.396,12.762,5.075,15.817,17.978,0.457,2.515,0.880
2,3,2,6,B,0,3,4,5,6,6,0.304,0.991,4.475,4.802,13.768,13.842,0.307,0.932,0.995
2,3,2,6,C,0,0,0,0,0,6,,,,,,,,,
2,3,2,6,D,0,3,4,5,5,6,0.161,0.272,7.917,5.321,19.814,16.824,0.592,1.488,1.178
2,3,2,6,E,0,3,4,5,6,6,0.296,1.202,8.477,6.922,15.004,17.316,0.246,1.225,0.866
2,3,2,6,F,0,3,4,5,6,6,0.201,0.52,3.55,6.407,16.651,20.392,0.386538461538462,0.554081473388481,0.817
2,3,2,6,G,0,2,3,5,5,6,0.123,,9.851,6.46,11.203,11.52,,1.5249226006192,0.972482638888889
2,3,2,6,H,0,3,4,5,6,6,0.863,1.384,7.561,7.574,24.475,16.382,0.624,0.998,1.494
2,3,2,6,I,0,3,4,5,6,6,0.592,0.612,8.963,7.603,15.061,17.922,0.967,1.179,0.840
2,3,2,7,A,0,3,4,5,5,6,0.315,0.561,7.695,7.975,15.774,8.084,0.561,0.965,1.951
2,3,2,7,B,0,2,3,5,5,6,0.478,,3.298,6.735,16.585,13.778,,0.490,1.204
2,3,2,7,C,0,3,4,5,5,6,0.354,0.578,4.623,7.151,8.311,13.452,0.612,0.646,0.618
2,3,2,7,D,0,3,4,5,6,6,0.378,0.423,3.244,3.061,16.276,9.962,0.894,1.060,1.634
2,3,2,7,E,0,3,3,5,5,6,0.79,1.078,11.178,6.742,10.516,16.36,0.732838589981447,1.658,0.64278728606357
2,3,2,7,F,0,3,4,5,5,6,0.435,0.615,8.939,7.507,9.707,13.269,0.707,1.191,0.732
2,3,2,7,G,0,3,4,5,6,6,0.357,0.376,6.884,6.69,7.032,13.987,0.949,1.02899850523169,0.503
2,3,2,7,H,0,2,3,4,5,5,0.222,,2.827,5.106,12.06,9.669,,0.554,1.24728513807012
2,3,2,7,I,0,3,3,5,5,6,0.431,0.536,12.226,4.264,11.578,13.469,0.804,2.867,0.860
2,3,2,8,A,0,3,4,5,5,5,0.369,0.431,15.496,6.254,27.3,12.445,0.856,2.478,2.19365206910406
2,3,2,8,B,0,3,3,5,5,6,0.266,0.175,13.044,4.421,22.583,14.835,1.520,2.950,1.522
2,3,2,8,C,0,3,4,5,5,6,1.311,0.782,10.687,5.875,11.831,11.038,1.676,1.819,1.072
2,3,2,8,D,0,2,3,4,5,6,0.445,,11.528,4.324,17.112,17.433,,2.666,0.982
2,3,2,8,E,0,3,4,5,5,6,0.172,0.39,6.317,6.807,18.095,11.175,0.441025641025641,0.928,1.619
2,3,2,8,F,0,3,4,4,5,6,0.153,0.271,1.062,4.281,18.086,8.111,0.565,0.248,2.230
2,3,2,8,G,0,3,4,5,5,6,0.7,1.003,8.025,5.772,22.062,15.962,0.69790628115653,1.390,1.382
2,3,2,8,H,0,3,4,5,5,6,0.556,0.735,9.671,6.481,25.549,14.625,0.756,1.492,1.747
2,3,2,8,I,0,3,3,5,5,6,0.585,0.178,3.415,2.902,17.233,10.831,3.287,1.177,1.591
2,3,2,9,A,0,3,4,5,6,6,0.467,0.984,13.48,7.703,13.596,14.767,0.475,1.74996754511229,0.921
2,3,2,9,B,0,3,4,5,5,6,0.285,0.46,10.326,5.283,10.323,10.449,0.619565217391304,1.955,0.988
2,3,2,9,C,0,3,4,5,5,6,0.121,0.259,10.313,6.555,11.607,15.259,0.467,1.573,0.761
2,3,2,9,D,0,3,4,5,6,6,1.518,1.219,13.407,8.048,13.108,14.546,1.245,1.666,0.901
2,3,2,9,E,0,3,4,5,5,6,0.477,0.636,7.243,5.817,9.131,6.199,0.750,1.245,1.473
2,3,2,9,F,0,3,3,5,5,6,0.713,0.395,7.786,6.446,9.936,8.616,1.805,1.208,1.153
2,3,2,9,G,0,3,4,5,6,6,3.892,1.389,13.256,9.046,12.845,17.027,2.802,1.465,0.754
2,3,2,9,H,0,2,3,4,5,6,0.266,,4.065,5.07,8.716,13.187,,0.801775147928994,0.661
2,3,2,9,I,0,2,3,5,5,6,0.377,,12.426,5.309,12.065,7.786,,2.341,1.550
2,3,2,10,A,0,2,3,4,5,5,0.114,,3.511,5.826,16.654,10.04,,0.603,1.65876494023904
2,3,2,10,B,0,3,4,5,5,6,1.042,0.797,3.762,5.843,23.687,10.136,1.307,0.644,2.337
2,3,2,10,C,0,3,3,5,5,6,1.161,0.426,5.577,2.113,15.445,8.78,2.725,2.639,1.75911161731207
2,3,2,10,D,0,3,3,5,5,6,0.271,0.535,3.971,2.946,21.985,7.117,0.507,1.348,3.089
2,3,2,10,E,0,3,4,5,5,6,1.013,0.905,7.942,4.89,12.559,14.453,1.119,1.6241308793456,0.869
2,3,2,10,F,0,3,4,5,5,6,0.556,0.849,9.533,6.227,12.169,14.722,0.655,1.531,0.827
2,3,2,10,G,0,3,3,5,5,6,0.163,0.303,10.114,6.968,14.047,12.387,0.538,1.451,1.134
2,3,2,10,H,0,3,3,5,5,6,0.361,0.834,8.527,6.723,11.032,17.455,0.433,1.268,0.632
2,3,2,10,I,0,3,4,5,5,6,0.289,0.492,5.566,5.352,14.342,13.611,0.587,1.040,1.054
2,1,3,1,A,0,4,4,5,5,6,5.384,3.897,6.875,4.228,7.473,4.607,1.382,1.626,1.622
2,1,3,1,B,0,3,4,5,5,6,5.583,2.443,7.322,4.947,10.409,6.177,2.285,1.480,1.685
2,1,3,1,C,0,3,4,5,5,6,6.192,2.479,2.335,2.904,7.288,5.984,2.498,0.804,1.218
2,1,3,1,D,0,3,4,5,5,6,5.177,2.215,6.356,3.933,11.094,5.986,2.337,1.616,1.853
2,1,3,1,E,0,3,4,5,5,6,6.14,2.847,7.049,2.454,8.732,5.157,2.15665612925887,2.872,1.693
2,1,3,1,F,0,3,4,5,5,6,6.019,3.178,5.969,4.833,10.838,6.413,1.894,1.235,1.690
2,1,3,1,G,0,3,4,5,5,6,5.695,3.5,5.999,3.812,6.703,2.934,1.62714285714286,1.574,2.285
2,1,3,1,H,0,3,4,5,5,5,4.707,0.849,6.301,2.24,7.668,3.157,5.544,2.81294642857143,2.429
2,1,3,1,I,0,3,4,4,5,5,4.218,2.783,5.464,4.154,7.307,3.999,1.516,1.315,1.827
2,1,3,2,A,0,3,4,4,5,5,3.514,1.949,6.178,2.996,8.437,4.49,1.803,2.062,1.87906458797327
2,1,3,2,B,0,3,4,4,5,5,4.773,3.265,6.743,4.563,8.712,4.978,1.462,1.478,1.750
2,1,3,2,C,0,3,4,5,5,6,4.82,3.307,7.874,4.33,7.396,4.688,1.45751436347142,1.81847575057737,1.578
2,1,3,2,D,0,3,4,5,5,5,5.119,2.371,8.717,3.973,8.788,4.869,2.159,2.194,1.805
2,1,3,2,E,0,3,4,4,5,5,4.842,2.001,7.425,2.429,7.68,4.694,2.420,3.057,1.63613123135918
2,1,3,2,F,0,3,4,5,5,6,4.787,1.783,7.155,2.823,8.339,5.564,2.685,2.535,1.499
2,1,3,2,G,0,3,4,5,5,6,3.198,3.295,8.682,3.617,4.323,5.938,0.971,2.400,0.728
2,1,3,2,H,0,3,4,5,5,6,5.239,2.316,9.419,3.817,10.403,5.977,2.262,2.468,1.741
2,1,3,2,I,0,3,4,5,5,5,5.086,3.231,8.243,4.504,10.532,5.363,1.574,1.830,1.964
2,1,3,3,A,0,3,4,5,5,6,3.309,3.42,8.05,4.466,7.868,4.344,0.967543859649123,1.8025078369906,1.811
2,1,3,3,B,0,3,4,5,5,6,4.52,2.999,7.272,4.385,9.831,4.36,1.50716905635212,1.658,2.25481651376147
2,1,3,3,C,0,4,4,5,5,6,5.357,3.282,8.56,4.702,10.682,4.113,1.632,1.82050191407912,2.597
2,1,3,3,D,0,3,4,5,5,6,4.787,2.238,4.184,2.727,4.903,3.306,2.139,1.534,1.483
2,1,3,3,E,0,3,4,4,5,5,4.542,2.373,4.788,3.841,9.144,4.569,1.914,1.247,2.001
2,1,3,3,F,0,3,4,5,5,6,5.754,3.32,6.743,4.265,9.801,3.418,1.73313253012048,1.581,2.867
2,1,3,3,G,0,3,4,5,5,6,4.605,1.901,8.395,2.824,7.18,3.658,2.422,2.973,1.96282121377802
2,1,3,3,H,0,3,4,5,5,6,4.949,2.258,6.326,4.333,8.525,5.819,2.192,1.460,1.465
2,1,3,3,I,0,4,4,5,5,6,4.555,3.149,6.178,4.177,9.225,4.574,1.446,1.479,2.017
2,1,3,4,A,0,3,4,5,5,5,1.97,0.872,2.757,3.133,9.643,4.89,2.25917431192661,0.880,1.9719836400818
2,1,3,4,B,0,3,4,5,5,6,2.779,3.191,6.476,4.577,6.811,4.155,0.871,1.415,1.639
2,1,3,4,C,0,3,4,5,5,6,5.123,1.588,4.763,3.227,11.185,5.248,3.226,1.476,2.131
2,1,3,4,D,0,3,4,5,5,6,4.824,3.893,8.369,4.889,12.063,6.751,1.239,1.712,1.787
2,1,3,4,E,0,3,4,5,5,6,4.542,3.636,5.468,3.787,9.027,4.354,1.249,1.444,2.073
2,1,3,4,F,0,3,4,5,5,6,4.459,2.452,8.739,4.254,13.218,5.694,1.819,2.054,2.321
2,1,3,4,G,0,3,4,5,6,6,4.966,1.658,0.958,2.709,4.226,3.722,2.995,0.354,1.135
2,1,3,4,H,0,3,4,4,5,5,5.003,2.985,3.796,4.078,8.177,5.667,1.676,0.931,1.443
2,1,3,4,I,0,3,4,5,5,6,5.477,3.701,10.234,4.842,7.624,6.516,1.480,2.114,1.170
2,1,3,5,A,0,3,4,5,5,5,3.625,3.041,3.404,4.046,7.269,4.09,1.192,0.841,1.77726161369193
2,1,3,5,B,0,3,4,5,5,5,4.532,3.12,6.735,4.413,11.563,4.597,1.4525641025641,1.526,2.515
2,1,3,5,C,0,3,4,5,5,6,3.772,1.855,1.879,3.181,2.363,3.358,2.033,0.591,0.704
2,1,3,5,D,0,3,4,5,5,6,6.29,3.632,6.203,4.669,10.118,4.382,1.7318281938326,1.329,2.309
2,1,3,5,E,0,3,4,5,5,6,4.713,2.919,7.54,4.331,9.136,5.356,1.615,1.74093742784576,1.706
2,1,3,5,F,0,3,4,5,5,6,4.463,1.894,7.249,2.592,10.119,4.251,2.356,2.797,2.380
2,1,3,5,G,0,3,4,5,5,6,5.284,2.214,4.086,2.099,5.492,4.369,2.387,1.947,1.257
2,1,3,5,H,0,3,4,5,5,6,5.004,2.078,12.424,3.947,8.838,6.179,2.408,3.148,1.430
2,1,3,5,I,0,3,4,5,5,5,2.915,2.633,8.682,4.546,10.336,6.225,1.107,1.910,1.660
2,1,3,6,A,0,3,4,4,5,5,3.259,3.042,4.762,4.062,6.487,4.278,1.071,1.172,1.516
2,1,3,6,B,0,3,4,5,5,6,4.141,2.291,5.667,2.659,6.406,3.83,1.808,2.131,1.67258485639687
2,1,3,6,C,0,3,4,5,5,6,4.108,1.868,5.167,2.883,4.524,3.453,2.199,1.792,1.310
2,1,3,6,D,0,3,4,5,5,5,4.953,3.347,5.252,4.33,11.643,4.393,1.480,1.21293302540416,2.650
2,1,3,6,E,0,3,4,5,5,5,5.269,3.103,5.895,4.373,10.161,4.433,1.698,1.348,2.292
2,1,3,6,F,0,3,4,5,6,6,6.034,4.659,8.454,5.305,12.504,6.69,1.295,1.594,1.86905829596413
2,1,3,6,G,0,3,4,5,6,7,1.535,1.69,1.989,2.881,2.215,3.959,0.908284023668639,0.690,0.559
2,1,3,6,H,0,3,4,5,5,6,5.072,2.897,5.367,3.67,12.275,5.65,1.751,1.46239782016349,2.17256637168142
2,1,3,6,I,0,3,4,5,5,6,4.673,3.593,6.954,4.89,10.443,5.097,1.301,1.42208588957055,2.049
2,1,3,7,A,0,3,4,5,5,0,4.964,2.199,7.615,2.57,,,2.257,2.96303501945525,
2,1,3,7,B,0,3,4,5,5,0,5.482,1.559,5.714,2.918,,,3.516,1.958,
2,1,3,7,C,0,3,4,5,5,0,4.471,1.618,6.378,3.51,,,2.763,1.81709401709402,
2,1,3,7,D,0,3,4,5,5,0,5.737,3.635,8.777,4.441,,,1.578,1.976,
2,1,3,7,E,0,3,4,5,5,0,5.57,2.288,4.739,2.493,,,2.43444055944056,1.901,
2,1,3,7,F,0,3,4,5,5,0,5.403,3.971,6.365,4.476,,,1.361,1.422,
2,1,3,7,G,0,3,4,5,5,0,4.215,2.039,6.31,3.819,,,2.067,1.6522649908353,
2,1,3,7,H,0,3,4,5,5,0,3.948,2.555,6.313,3.034,,,1.545,2.081,
2,1,3,7,I,0,3,4,5,5,0,4.296,2.78,6.865,4.85,,,1.54532374100719,1.41546391752577,
2,1,3,8,A,0,3,4,5,5,0,4.77,3.854,7.702,4.58,,,1.23767514270887,1.68165938864629,
2,1,3,8,B,0,4,4,6,7,0,1.212,2.227,2.394,2.687,,,0.544,0.891,
2,1,3,8,C,0,3,4,5,5,0,6.707,3.245,4.803,4.592,,,2.067,1.046,
2,1,3,8,D,0,3,4,5,5,0,4.29,2.159,7.633,1.994,,,1.9870310328856,3.828,
2,1,3,8,E,0,3,4,5,5,0,3.953,2.771,8.216,4.099,,,1.427,2.004,
2,1,3,8,F,0,3,4,5,5,0,4.939,2.253,5.72,1.876,,,2.192,3.04904051172708,
2,1,3,8,G,0,3,4,5,5,0,4.695,3.618,8.095,4.432,,,1.298,1.826,
2,1,3,8,H,0,3,4,5,5,0,6.909,3.648,8.337,4.658,,,1.894,1.790,
2,1,3,8,I,0,3,4,5,5,0,5.438,1.994,6.259,2.745,,,2.727,2.280,
2,1,3,9,A,0,3,4,5,5,0,5.314,3.411,6.166,5.647,,,1.558,1.092,
2,1,3,9,B,0,3,4,5,5,0,3.499,2.946,4.494,4.308,,,1.188,1.043,
2,1,3,9,C,0,3,4,5,5,0,2.964,2.19,4.435,3.626,,,1.35342465753425,1.223,
2,1,3,9,D,0,3,4,5,5,0,5.98,2.262,6.771,2.371,,,2.64367816091954,2.856,
2,1,3,9,E,0,3,4,5,5,0,4.256,2.634,5.516,4.147,,,1.616,1.330,
2,1,3,9,F,0,3,4,5,5,0,3.53,2.312,6.396,3.839,,,1.52681660899654,1.666,
2,1,3,9,G,0,3,4,5,5,0,4.388,2.165,4.8,1.926,,,2.027,2.49221183800623,
2,1,3,9,H,0,3,4,5,5,0,5.806,2.312,7.438,2.389,,,2.511,3.113,
2,1,3,9,I,0,3,4,5,5,0,5.917,3.367,5.39,4.422,,,1.757,1.21890547263682,
2,1,3,10,A,0,4,4,5,6,0,4.605,2.99,4.216,3.469,,,1.54013377926421,1.215,
2,1,3,10,B,0,3,4,5,6,0,5.553,2.569,8.88,3.469,,,2.162,2.55981550879216,
2,1,3,10,C,0,3,4,5,5,0,5.69,2.723,4.275,2.801,,,2.08960705104664,1.526,
2,1,3,10,D,0,3,4,4,5,0,4.057,2.966,7.865,4.505,,,1.368,1.746,
2,1,3,10,E,0,3,4,5,5,0,5.762,3.381,9.104,4.414,,,1.704,2.063,
2,1,3,10,F,0,3,4,4,5,0,4.521,2.095,6.213,2.798,,,2.158,2.221,
2,1,3,10,G,0,3,4,5,5,0,5.872,3.428,9.533,2.678,,,1.713,3.560,
2,1,3,10,H,0,3,4,5,5,0,2.536,3.42,7.406,4.315,,,0.741520467836257,1.716,
2,1,3,10,I,0,3,4,5,5,0,4.972,3.537,7.998,4.492,,,1.406,1.780,
2,2,3,1,A,0,3,4,5,5,6,6.147,3.501,8.936,4.361,8.711,6.387,1.756,2.049,1.364
2,2,3,1,B,0,3,4,5,5,6,5.434,3.446,9.742,4.291,9.929,4.075,1.577,2.270,2.437
2,2,3,1,C,0,3,4,5,5,6,4.923,2.72,6.883,2.667,7.582,5.433,1.80992647058824,2.581,1.396
2,2,3,1,D,0,3,4,5,5,6,5.802,3.877,9.95,4.562,7.363,4.732,1.497,2.18106093818501,1.556
2,2,3,1,E,0,3,4,5,5,6,5.407,3.007,7.422,2.38,5.679,3.188,1.798,3.11848739495798,1.781
2,2,3,1,F,0,3,4,5,5,6,5.255,4.022,7.443,4.331,8.554,4.589,1.307,1.719,1.864
2,2,3,1,G,0,3,4,5,5,6,5.482,2.378,6.605,2.15,5.039,3.151,2.305,3.07209302325581,1.599
2,2,3,1,H,0,3,4,5,5,6,5.464,1.07,7,2.193,5.632,3.07,5.10654205607477,3.19197446420429,1.83452768729642
2,2,3,1,I,0,3,4,5,5,6,4.126,3.429,7.067,4.056,8.366,5.91,1.203,1.742,1.4155668358714
2,2,3,2,A,0,3,4,5,5,5,3.632,2.686,5.025,4.155,5.313,4.828,1.352,1.209,1.100
2,2,3,2,B,0,3,4,5,5,6,1.894,3.29,4.569,3.977,3.856,5.351,0.575683890577508,1.149,0.721
2,2,3,2,C,0,3,4,5,5,6,3.328,2.72,3.8,3.704,3.677,4.063,1.22352941176471,1.02591792656587,0.905
2,2,3,2,D,0,3,4,5,5,6,5.03,3.02,8.463,3.68,9.509,4.813,1.67,2.29972826086957,1.976
2,2,3,2,E,0,3,4,4,4,5,4.197,2.316,4.659,0.913,4.658,1.681,1.812,5.103,2.771
2,2,3,2,F,0,3,4,5,5,6,1.678,2.537,3.228,3.227,1.708,3.826,0.661,1.000,0.446
2,2,3,2,G,0,3,4,5,5,6,5.905,3.145,10.487,4.719,11.618,6.841,1.878,2.222,1.698
2,2,3,2,H,0,3,4,5,5,6,4.278,2.142,5.046,2.641,4.597,3.193,1.997,1.911,1.440
2,2,3,2,I,0,3,4,5,5,6,3.963,3.427,6.5,4.548,3.312,5.996,1.156,1.42919964819701,0.552
2,2,3,3,A,0,3,4,5,5,0,4.599,3.056,9.602,5.118,,,1.505,1.876,
2,2,3,3,B,0,3,4,5,5,0,5.025,2.262,0.961,2.979,,,2.221,0.323,
2,2,3,3,C,0,3,4,5,5,0,4.994,3.036,7.053,4.98,,,1.645,1.41626506024096,
2,2,3,3,D,0,3,4,5,5,0,4.507,1.696,7.94,3.904,,,2.657,2.03381147540984,
2,2,3,3,E,0,3,4,5,5,0,4.068,2.004,6.128,2.588,,,2.030,2.368,
2,2,3,3,F,0,3,4,5,5,0,5.508,2.581,8.367,4.937,,,2.134,1.695,
2,2,3,3,G,0,3,4,5,5,0,5.392,2.38,7.021,3.157,,,2.26554621848739,2.224,
2,2,3,3,H,0,3,4,5,5,0,4.272,1.048,6.924,2.685,,,4.076,2.579,
2,2,3,3,I,0,3,4,5,5,0,4.642,1.645,6.225,3.428,,,2.822,1.816,
2,2,3,4,A,0,3,4,5,5,6,5.381,2.383,9.139,4.142,9.355,6.438,2.258,2.206,1.453
2,2,3,4,B,0,3,4,5,5,6,4.057,0.736,5.594,2.927,5.535,4.404,5.512,1.911,1.257
2,2,3,4,C,0,3,4,5,5,6,4.45,3.798,8.777,4.703,9.246,5.222,1.17166929963138,1.866,1.771
2,2,3,4,D,0,3,4,5,5,6,4.397,2.261,4.229,2.046,1.865,3.304,1.945,2.067,0.564
2,2,3,4,E,0,3,4,5,5,6,3.781,2.526,6.556,2.573,7.202,2.65,1.497,2.548,2.7177358490566
2,2,3,4,F,0,4,4,5,5,6,4.074,2.328,6.672,4.375,7.064,4.882,1.750,1.525,1.447
2,2,3,4,G,0,3,4,5,5,6,4.619,3.428,8.961,4.635,9.794,4.747,1.347,1.933,2.063
2,2,3,4,H,0,3,4,5,6,6,4.852,2.403,7.764,4.392,8.583,5.919,2.019,1.768,1.450
2,2,3,4,I,0,3,4,0,0,0,3.058,2.9,,,,,1.05448275862069,,
2,2,3,5,A,0,3,4,5,5,0,5.877,3.658,8.262,4.806,,,1.607,1.719,
2,2,3,5,B,0,3,4,5,5,0,4.618,2.957,7.927,4.422,,,1.562,1.793,
2,2,3,5,C,0,3,4,5,5,0,4.39,3.064,5.389,4.043,,,1.43276762402089,1.333,
2,2,3,5,D,0,3,4,5,5,0,5.881,4.183,11.486,4.827,,,1.406,2.380,
2,2,3,5,E,0,3,4,4,5,0,5.14,3.695,10.574,4.449,,,1.39106901217862,2.377,
2,2,3,5,F,0,3,4,4,5,0,2.105,2.341,2.097,2.816,,,0.899,0.745,
2,2,3,5,G,0,3,4,5,5,0,4.686,3.485,7.852,4.327,,,1.345,1.815,
2,2,3,5,H,0,3,4,4,5,0,3.696,1.897,4.929,3.086,,,1.948,1.597,
2,2,3,5,I,0,3,4,5,5,0,1.122,2.759,7.126,3.907,,,0.407,1.824,
2,2,3,6,A,0,3,4,5,5,6,4.31,3.029,7.338,4.061,7.63,3.927,1.4229118520964,1.807,1.94295900178253
2,2,3,6,B,0,3,4,5,5,6,3.846,2.509,6.487,3.973,6.845,3.867,1.533,1.633,1.770
2,2,3,6,C,0,3,4,5,5,6,1.997,0.737,1.891,3.411,2.193,6.229,2.710,0.554,0.352
2,2,3,6,D,0,3,4,5,5,6,5.227,1.754,8.272,2.354,7.701,5.017,2.980,3.514,1.535
2,2,3,6,E,0,3,4,5,5,6,4.692,2.361,6.678,2.969,6.674,3.63,1.987,2.249,1.83856749311295
2,2,3,6,F,0,3,4,5,5,6,4.519,3.634,6.492,4.382,8.351,5.574,1.244,1.482,1.498
2,2,3,6,G,0,3,4,4,5,6,3.948,3.249,6.302,4.157,6.841,4.811,1.215,1.516,1.422
2,2,3,6,H,0,3,4,4,5,6,3.932,2.475,6.713,4.228,8.414,5.505,1.589,1.588,1.528
2,2,3,6,I,0,3,4,5,5,6,3.866,1.811,5.56,3.953,7.997,4.894,2.135,1.40652668859094,1.634
2,2,3,7,A,0,3,4,5,5,0,5.214,3.987,7.971,4.874,,,1.308,1.635,
2,2,3,7,B,0,3,4,4,5,0,5.159,2.521,7.019,4.119,,,2.046,1.704,
2,2,3,7,C,0,3,4,5,5,0,4.77,1.842,5.3,3.133,,,2.58957654723127,1.6916693265241,
2,2,3,7,D,0,3,4,5,5,0,5.169,1.86,6.861,2.679,,,2.77903225806452,2.561,
2,2,3,7,E,0,3,4,5,5,0,4.908,1.876,7.939,2.372,,,2.616,3.347,
2,2,3,7,F,0,3,4,5,5,0,5.041,2.532,6.197,2.337,,,1.991,2.652,
2,2,3,7,G,0,3,4,5,5,0,6.841,3.33,7.12,4.704,,,2.05435435435435,1.51360544217687,
2,2,3,7,H,0,3,4,5,5,0,4.636,1.664,6.051,2.685,,,2.786,2.254,
2,2,3,7,I,0,3,4,5,5,0,1.993,1.248,3.557,3.222,,,1.597,1.104,
2,2,3,8,A,0,3,4,5,5,5,4.022,2.452,4.093,4.005,7.802,4.107,1.640,1.022,1.900
2,2,3,8,B,0,3,3,4,5,5,1.786,0.431,0.582,2.31,3.05,1.856,4.144,0.251948051948052,1.64331896551724
2,2,3,8,C,0,3,4,5,5,6,3.976,2.761,3.423,3.022,5.298,3.837,1.440,1.133,1.381
2,2,3,8,D,0,3,4,5,5,6,2.92,2.323,1.773,3.348,6.165,2.643,1.25699526474387,0.530,2.333
2,2,3,8,E,0,3,4,5,6,6,4.936,1.524,3.781,2.637,7.477,3.308,3.239,1.434,2.260
2,2,3,8,F,0,3,4,5,5,6,4.94,2.885,5.047,4.399,7.608,4.704,1.71230502599653,1.147,1.617
2,2,3,8,G,0,3,4,5,5,6,3.773,1.123,3.221,2.243,5.414,3.003,3.360,1.436,1.803
2,2,3,8,H,0,3,4,5,5,6,5.055,3.778,3.333,4.527,6.678,6.269,1.338,0.736,1.065
2,2,3,8,I,0,3,4,5,6,6,4.068,2.045,3.553,2.107,3.439,3.477,1.989,1.686,0.989
2,2,3,9,A,0,3,4,5,5,0,5.767,3.337,7.001,4.704,,,1.728,1.488,
2,2,3,9,B,0,3,4,5,5,0,5.446,1.837,6.326,4.278,,,2.965,1.479,
2,2,3,9,C,0,3,4,5,5,0,4.878,2.969,4.002,4.197,,,1.643,0.954,
2,2,3,9,D,0,3,4,5,5,0,5.753,3.238,7.533,4.365,,,1.777,1.726,
2,2,3,9,E,0,3,4,5,5,0,4.874,2.821,7.932,2.038,,,1.728,3.892,
2,2,3,9,F,0,3,4,5,5,0,5.466,1.675,6.235,2.961,,,3.263,2.106,
2,2,3,9,G,0,3,4,5,5,0,4.435,3.29,7.798,4.085,,,1.34802431610942,1.909,
2,2,3,9,H,0,3,4,5,5,0,4.253,3.018,7.397,3.72,,,1.409,1.98844086021505,
2,2,3,9,I,0,3,4,5,5,0,4.663,1.321,6.42,2.992,,,3.530,2.14572192513369,
2,2,3,10,A,0,3,4,5,5,0,4.746,3.718,9.061,3.718,,,1.276,2.437,
2,2,3,10,B,0,3,4,5,5,0,4.083,2.743,7.249,4.037,,,1.489,1.796,
2,2,3,10,C,0,3,4,5,5,0,4.079,2.018,3.837,2.656,,,2.021,1.445,
2,2,3,10,D,0,3,4,5,5,0,4.407,2.401,8.38,0.451,,,1.835,18.5809312638581,
2,2,3,10,E,0,3,4,5,5,0,3.05,1.441,4.028,3.722,,,2.11658570437196,1.082,
2,2,3,10,F,0,3,4,5,5,0,4.875,1.7,8.15,4.521,,,2.86764705882353,1.80269851802699,
2,2,3,10,G,0,3,4,5,5,0,3.792,3.761,8.304,4.283,,,1.008,1.939,
2,2,3,10,H,0,3,4,5,5,0,4.024,3.58,5.958,4.165,,,1.12402234636872,1.430,
2,2,3,10,I,0,3,4,5,5,0,3.32,2.495,3.488,2.887,,,1.33066132264529,1.208,
2,3,3,1,A,0,3,4,5,5,0,4.673,2.605,3.951,2.915,,,1.794,1.355,
2,3,3,1,B,0,3,4,5,5,0,3.856,3.086,5.225,4.546,,,1.250,1.149,
2,3,3,1,C,0,3,4,5,5,0,4.61,2.229,4.506,4.915,,,2.06819201435621,0.917,
2,3,3,1,D,0,3,4,5,5,0,5.43,2.353,6.643,4.231,,,2.30769230769231,1.570,
2,3,3,1,E,0,3,4,5,5,0,5.836,2.576,6.041,4.761,,,2.266,1.269,
2,3,3,1,F,0,3,4,5,5,0,5.022,2.144,4.463,4.312,,,2.342,1.035,
2,3,3,1,G,0,3,4,5,5,0,3.975,3.025,4.065,2.972,,,1.314,1.368,
2,3,3,1,H,0,3,4,5,5,0,4.533,3.205,5.948,4.395,,,1.414,1.353,
2,3,3,1,I,0,3,4,5,5,0,4.945,3.518,6.542,5.015,,,1.406,1.304,
2,3,3,2,A,0,3,4,5,6,0,3.926,1.893,3.974,4.031,,,2.074,0.986,
2,3,3,2,B,0,3,4,5,6,0,4.086,2.163,3.828,3.232,,,1.889,1.184,
2,3,3,2,C,0,3,4,5,6,0,4.458,1.886,5.443,2.898,,,2.364,1.878,
2,3,3,2,D,0,3,4,5,5,0,4.226,2.856,5.541,4.519,,,1.480,1.226,
2,3,3,2,E,0,3,4,5,5,0,4.77,3.878,5.196,4.796,,,1.23001547189273,1.083,
2,3,3,2,F,0,3,4,4,5,0,2.159,2.803,1.686,2.872,,,0.770,0.587,
2,3,3,2,G,0,3,4,5,5,0,3.991,3.328,5.054,5.011,,,1.199,1.009,
2,3,3,2,H,0,3,4,5,5,0,3.243,3.406,5.771,4.74,,,0.952,1.21751054852321,
2,3,3,2,I,0,3,4,5,5,0,4.087,2.976,3.516,3.795,,,1.373,0.926,
2,3,3,3,A,0,3,4,5,6,0,4.302,3.461,5.546,4.76,,,1.243,1.16512605042017,
2,3,3,3,B,0,3,4,5,5,0,3.417,2.252,4.248,2.842,,,1.517,1.495,
2,3,3,3,C,0,3,4,5,6,0,4.278,1.861,6.678,5.014,,,2.299,1.332,
2,3,3,3,D,0,3,4,5,6,0,4.326,3.157,5.617,4.084,,,1.370,1.375,
2,3,3,3,E,0,3,4,5,5,0,4.041,1.959,4.678,2.394,,,2.063,1.954,
2,3,3,3,F,0,3,4,5,6,0,5.28,2.301,5.619,3.183,,,2.29465449804433,1.765,
2,3,3,3,G,0,3,4,5,5,0,4.513,3.603,6.823,4.583,,,1.253,1.489,
2,3,3,3,H,0,3,4,5,5,0,3.874,3.288,5.144,5.167,,,1.178,0.996,
2,3,3,3,I,0,3,3,4,4,0,2.902,2.968,3.761,3.292,,,0.978,1.142,
2,3,3,4,A,0,3,4,4,4,0,4.852,2.643,4.782,2.207,,,1.836,2.167,
2,3,3,4,B,0,3,4,5,5,0,2.827,3.486,4.924,4.768,,,0.811,1.033,
2,3,3,4,C,0,3,4,5,5,0,3.937,3.583,3.532,4.64,,,1.099,0.761206896551724,
2,3,3,4,D,0,3,4,5,5,0,2.354,2.99,4.442,3.388,,,0.787290969899666,1.311,
2,3,3,4,E,0,3,4,4,5,0,4.488,1.773,3.287,2.48,,,2.531,1.32540322580645,
2,3,3,4,F,0,3,4,5,5,0,1.421,1.85,2.784,2.36,,,0.768108108108108,1.17966101694915,
2,3,3,4,G,0,3,4,5,4,0,4.169,3.146,2.701,2.646,,,1.325,1.021,
2,3,3,4,H,0,3,4,5,5,0,4.742,3.594,4.718,4.735,,,1.319,0.996,
2,3,3,4,I,0,3,4,5,5,0,4.233,1.993,1.657,3.124,,,2.124,0.530,
2,3,3,5,A,0,3,4,5,5,0,5.489,3.218,5.555,4.094,,,1.706,1.357,
2,3,3,5,B,0,3,4,5,5,0,4.617,2.484,5.299,3.801,,,1.859,1.394,
2,3,3,5,C,0,3,4,5,5,0,4.8,3.114,5.594,4.335,,,1.54142581888247,1.290,
2,3,3,5,D,0,3,4,5,5,0,5.255,2.281,6.022,4.293,,,2.304,1.403,
2,3,3,5,E,0,3,4,5,5,0,5.203,3.639,4.369,4.256,,,1.430,1.027,
2,3,3,5,F,0,3,4,5,5,0,5.07,3.434,5.947,4.519,,,1.47641234711706,1.316,
2,3,3,5,G,0,3,4,5,5,0,1.815,3.686,3.679,4.638,,,0.492,0.793,
2,3,3,5,H,0,3,4,5,5,0,3.961,3.334,3.091,3.253,,,1.188,0.950,
2,3,3,5,I,0,3,4,5,5,0,3.967,2.862,3.495,4.306,,,1.386,0.812,
2,3,3,6,A,0,3,4,5,5,6,3.84,2.779,3.902,3.725,3.824,4.745,1.38179201151493,1.048,0.806
2,3,3,6,B,0,3,4,5,5,6,4.633,3.6,4.848,4.064,4.753,5.693,1.28694444444444,1.193,0.835
2,3,3,6,C,0,3,4,5,5,6,2.671,3.5,2.749,4.054,2.612,4.307,0.763142857142857,0.678,0.606
2,3,3,6,D,0,3,4,5,5,6,4.038,2.499,4.049,1.666,2.762,6.013,1.616,2.430,0.459
2,3,3,6,E,0,3,4,5,5,6,3.832,2.075,5.09,3.742,4.886,4.974,1.847,1.36023516835917,0.982
2,3,3,6,F,0,3,4,5,6,6,3.652,2.181,2.228,2.935,1.941,5.99,1.674,0.759,0.324040066777963
2,3,3,6,G,0,3,4,5,5,6,1.149,0.778,1.596,2.858,4.141,3.43,1.477,0.558,1.20728862973761
2,3,3,6,H,0,3,4,5,5,6,4.441,2.601,5.914,4.364,5.565,4.785,1.707,1.355,1.163
2,3,3,6,I,0,3,4,5,5,6,3.42,2.614,3.896,3.912,3.837,4.646,1.30833970925784,0.996,0.826
2,3,3,7,A,0,4,4,5,5,0,3.997,3.269,3.71,3.634,,,1.223,1.02091359383599,
2,3,3,7,B,0,3,4,5,5,0,3.398,2.551,1.924,4.46,,,1.332,0.431390134529148,
2,3,3,7,C,0,3,4,5,5,0,3.855,2.249,4.295,3.309,,,1.714,1.298,
2,3,3,7,D,0,3,4,4,4,0,3.969,2.487,4.727,3.48,,,1.596,1.35833333333333,
2,3,3,7,E,0,3,4,5,4,0,3.622,3.486,2.813,3.958,,,1.039,0.711,
2,3,3,7,F,0,3,4,5,5,0,4.037,3.988,3.382,4.592,,,1.012,0.736,
2,3,3,7,G,0,3,4,5,4,0,4.553,3.077,4.957,4.413,,,1.480,1.123,
2,3,3,7,H,0,3,4,5,4,0,2.905,2.827,2.614,3.347,,,1.028,0.781,
2,3,3,7,I,0,3,4,5,5,0,2.809,3.779,2.325,5.013,,,0.743,0.464,
2,3,3,8,A,0,3,4,5,5,0,3.738,3.689,3.999,5.116,,,1.013,0.782,
2,3,3,8,B,0,3,4,5,5,0,4.259,3.558,5.545,4.707,,,1.197,1.178,
2,3,3,8,C,0,4,4,5,5,0,4.979,3.644,3.883,3.969,,,1.366,0.978,
2,3,3,8,D,0,3,4,5,5,0,4.44,3.986,3.673,4.764,,,1.1138986452584,0.771,
2,3,3,8,E,0,3,4,5,5,0,2.084,3.038,5.511,4.394,,,0.686,1.254,
2,3,3,8,F,0,3,4,5,5,0,4.483,2.433,3.777,2.042,,,1.843,1.850,
2,3,3,8,G,0,3,4,4,3,0,2.708,3.435,3.292,2.632,,,0.788,1.251,
2,3,3,8,H,0,3,4,5,5,0,4.836,3.799,5.137,4.887,,,1.273,1.051,
2,3,3,8,I,0,3,4,4,4,0,4.278,3.436,3.79,4.304,,,1.245,0.880576208178439,
2,3,3,9,A,0,4,4,5,5,0,3.928,2.909,4.394,2.986,,,1.350,1.472,
2,3,3,9,B,0,3,4,5,5,0,4.284,1.815,1.68,2.177,,,2.360,0.771704180064309,
2,3,3,9,C,0,3,4,5,5,0,5.129,3.538,5.55,4.578,,,1.450,1.21231979030144,
2,3,3,9,D,0,3,4,5,5,0,3.773,1.617,3.899,3.246,,,2.333,1.201,
2,3,3,9,E,0,3,4,5,5,0,5.184,2.701,6.025,4.002,,,1.919,1.505,
2,3,3,9,F,0,3,4,5,5,0,5.471,3.672,6.246,4.102,,,1.490,1.523,
2,3,3,9,G,0,3,4,4,4,0,3.005,2.781,3.295,4.057,,,1.081,0.812,
2,3,3,9,H,0,3,4,5,5,0,4.025,3.647,4.31,4.76,,,1.104,0.91,
2,3,3,9,I,0,3,4,5,5,0,3.638,3.068,5.106,4.16,,,1.186,1.22740384615385,
2,3,3,10,A,0,3,4,5,6,0,2.871,3.104,3.321,3.45,,,0.925,0.962608695652174,
2,3,3,10,B,0,3,3,5,6,0,3.512,3.31,2.834,4.743,,,1.06102719033233,0.598,
2,3,3,10,C,0,3,4,0,0,0,3.02,2.734,,,,,1.10460863204097,,
2,3,3,10,D,0,3,4,5,4,0,3.266,3.886,1.72,4.348,,,0.840,0.395584176632935,
2,3,3,10,E,0,3,4,5,6,0,3.676,1.475,3.197,3.28,,,2.492,0.97469512195122,
2,3,3,10,F,0,4,4,5,6,0,4.007,4.285,3.609,4.692,,,0.935,0.769,
2,3,3,10,G,0,3,4,5,4,0,2.791,2.785,0.582,3.563,,,1.002,0.163,
2,3,3,10,H,0,3,3,0,0,0,0.581,0.761,,,,,0.763,,
2,3,3,10,I,0,3,4,5,5,0,3.024,3.475,5.314,3.394,,,0.870,1.566,
2,1,4,1,A,0,0,0,0,0,0,,,,,,,,,
2,1,4,1,B,0,0,0,3,3,3,,,0.232,0.483,0.202,0.902,,0.480,0.224
2,1,4,1,C,0,0,1,3,0,3,,,0.404,0.873,0.566,1.533,,0.463,0.369
2,1,4,1,D,0,0,1,3,3,3,,,0.437,0.942,0.401,1.792,,0.464,0.224
2,1,4,1,E,0,2,2,3,3,4,0.146,,0.187,0.988,0.217,2.107,,0.189,0.103
2,1,4,1,F,0,0,3,3,3,4,,,0.096,0.968,0.205,1.604,,0.099,0.128
2,1,4,1,G,0,0,3,3,3,3,,,0.139,0.58,0.09,0.813,,0.239655172413793,0.11070110701107
2,1,4,1,H,0,3,1,3,0,3,0.263,0.71,0.694,1.247,0.619,1.95,0.370422535211268,0.557,0.317435897435897
2,1,4,1,I,0,0,2,3,0,3,,,0.1,0.902,0.1,1.352,,0.110864745011086,0.0739644970414201
2,1,4,2,A,0,1,1,1,1,0,,,,,,,,,
2,1,4,2,B,0,3,3,3,3,4,0.312,0.39,0.181,1.401,0.14,2.308,0.8,0.129,0.0606585788561525
2,1,4,2,C,0,3,1,0,0,0,0.175,0.67,,,,,0.261194029850746,,
2,1,4,2,D,0,0,1,3,3,3,,,0.142,0.802,0.353,1.209,,0.177,0.292
2,1,4,2,E,0,0,0,0,0,0,,,,,,,,,
2,1,4,2,F,0,0,3,3,3,3,,,0.422,1.043,0.322,1.104,,0.405,0.292
2,1,4,2,G,0,3,3,3,4,4,0.416,0.621,0.627,1.292,0.614,1.666,0.670,0.485,0.369
2,1,4,2,H,0,0,1,3,3,3,,,0.593,0.817,0.497,1.454,,0.726,0.342
2,1,4,2,I,0,1,0,0,0,3,,,,,0.205,0.643,,,0.319
2,1,4,3,A,0,1,0,0,0,0,,,,,,,,,
2,1,4,3,B,0,1,3,3,3,3,,,0.268,1.086,0.149,1.109,,0.247,0.134
2,1,4,3,C,0,0,2,3,0,0,,,0.346,0.88,,,,0.393181818181818,
2,1,4,3,D,0,0,1,3,3,3,,,0.342,1.122,0.111,1.729,,0.305,0.064
2,1,4,3,E,0,1,3,3,3,4,,,0.823,1.193,0.862,2.339,,0.690,0.369
2,1,4,3,F,0,0,0,0,3,3,,,,,0.245,0.829,,,0.296
2,1,4,3,G,0,0,1,3,3,3,,,0.408,0.754,0.181,0.777,,0.541,0.233
2,1,4,3,H,0,1,0,0,0,0,,,,,,,,,
2,1,4,3,I,0,0,0,0,0,0,,,,,,,,,
2,1,4,4,A,0,0,0,0,0,0,,,,,,,,,
2,1,4,4,B,0,1,0,3,3,3,,,0.361,0.932,0.421,1.514,,0.387,0.278
2,1,4,4,C,0,0,2,3,3,3,,,0.159,0.906,0.132,1.274,,0.175,0.104
2,1,4,4,D,0,0,0,3,3,3,,,0.429,0.621,0.692,1.272,,0.691,0.544
2,1,4,4,E,0,0,1,3,3,3,,,0.183,1.123,0.458,1.365,,0.163,0.336
2,1,4,4,F,0,0,0,0,0,0,,,,,,,,,
2,1,4,4,G,0,0,2,3,3,3,,,0.143,0.903,0.143,1.539,,0.158,0.093
2,1,4,4,H,0,0,3,3,3,3,,,0.104,0.785,0.188,1.431,,0.132,0.131
2,1,4,4,I,0,0,2,3,3,3,,,0.145,0.975,0.256,1.557,,0.149,0.164
2,1,4,5,A,0,0,0,3,3,3,,,0.186,0.603,0.225,1.249,,0.308,0.180
2,1,4,5,B,0,0,0,1,3,3,,,,,0.142,0.868,,,0.164
2,1,4,5,C,0,0,1,3,3,3,,,0.601,0.711,0.282,1.068,,0.845,0.264
2,1,4,5,D,0,2,3,3,3,4,0.13,,0.271,1.374,0.266,1.642,,0.197,0.162
2,1,4,5,E,0,0,0,3,3,3,,,0.108,0.236,0.126,0.733,,0.458,0.172
2,1,4,5,F,0,0,3,3,3,3,,,0.559,1.334,0.652,1.576,,0.419,0.414
2,1,4,5,G,0,3,3,3,3,3,0.305,0.476,0.553,1.326,0.495,1.677,0.641,0.417,0.295
2,1,4,5,H,0,2,3,3,3,3,0.16,,0.326,1.336,0.418,1.633,,0.244,0.256
2,1,4,5,I,0,0,3,3,3,3,,,0.26,0.769,0.174,1.154,,0.338101430429129,0.151
2,1,4,6,A,0,2,2,3,3,3,0.173,,0.24,0.689,0.244,0.93,,0.34833091436865,0.262365591397849
2,1,4,6,B,0,0,0,0,0,0,,,,,,,,,
2,1,4,6,C,0,0,2,3,3,3,,,0.683,0.71,0.613,1.137,,0.961971830985915,0.539
2,1,4,6,D,0,0,1,1,3,3,,,,,0.293,0.86,,,0.340697674418605
2,1,4,6,E,0,0,0,0,0,0,,,,,,,,,
2,1,4,6,F,0,0,1,1,3,0,,,,,,,,,
2,1,4,6,G,0,2,0,2,3,3,0.226,,0.2,,0.227,0.555,,,0.409
2,1,4,6,H,0,2,3,3,3,4,0.36,,0.579,1.208,0.524,1.55,,0.479,0.338064516129032
2,1,4,6,I,0,0,2,3,3,3,,,0.591,1.135,0.553,1.653,,0.521,0.335
2,1,4,7,A,0,0,1,3,3,3,,,0.722,0.678,0.749,1.15,,1.065,0.651304347826087
2,1,4,7,B,0,1,3,3,3,4,,,0.682,1.353,0.327,1.691,,0.504,0.193
2,1,4,7,C,0,3,3,3,3,4,0.257,0.362,0.36,1.109,0.334,2.334,0.710,0.324616771866546,0.143
2,1,4,7,D,0,0,3,3,3,3,,,0.158,1.206,0.142,1.428,,0.131,0.099
2,1,4,7,E,0,0,1,3,3,3,,,0.317,0.892,0.471,1.275,,0.355,0.369
2,1,4,7,F,0,1,0,0,0,0,,,,,,,,,
2,1,4,7,G,0,2,3,3,3,3,0.165,,0.467,1.375,0.407,1.875,,0.340,0.217
2,1,4,7,H,0,0,1,0,0,0,,,,,0.351,1.185,,,0.296
2,1,4,7,I,0,0,1,3,3,4,,,0.237,0.82,,,,0.289024390243902,
2,1,4,8,A,0,0,0,0,0,0,,,,,,,,,
2,1,4,8,B,0,0,0,3,3,3,,,0.298,0.634,0.183,1.041,,0.470,0.176
2,1,4,8,C,0,1,3,3,3,4,,,0.739,1.346,0.8,1.753,,0.549,0.456360524814604
2,1,4,8,D,0,0,3,3,3,3,,,0.102,0.859,0.169,1.361,,0.119,0.124
2,1,4,8,E,0,0,0,0,0,0,,,,,,,,,
2,1,4,8,F,0,0,1,3,3,3,,,0.4,0.963,0.328,1.69,,0.415368639667705,0.194082840236686
2,1,4,8,G,0,0,2,3,3,3,,,0.21,0.892,0.333,1.259,,0.23542600896861,0.264
2,1,4,8,H,0,0,1,3,3,3,,,0.102,0.659,0.147,1.111,,0.155,0.132
2,1,4,8,I,0,1,2,3,3,3,,,0.382,1.059,0.336,1.276,,0.361,0.263
2,1,4,9,A,0,2,3,3,3,0,0.251,,0.697,1.261,,,,0.553,
2,1,4,9,B,0,2,3,3,3,0,0.497,,0.504,1.284,,,,0.393,
2,1,4,9,C,0,0,1,3,3,0,,,0.393,0.903,,,,0.435,
2,1,4,9,D,0,2,3,3,3,0,0.364,,0.5,1.034,,,,0.483558994197292,
2,1,4,9,E,0,0,3,3,3,0,,,0.186,1.163,,,,0.160,
2,1,4,9,F,0,2,0,0,0,0,0.254,,,,,,,,
2,1,4,9,G,0,0,0,0,0,0,,,,,,,,,
2,1,4,9,H,0,0,0,0,0,0,,,,,,,,,
2,1,4,9,I,0,0,0,0,0,0,,,,,,,,,
2,1,4,10,A,0,3,3,3,3,4,0.234,0.571,0.706,1.516,0.786,1.77,0.410,0.466,0.444067796610169
2,1,4,10,B,0,0,0,3,3,4,,,0.096,0.799,0.123,1.33,,0.120,0.0924812030075188
2,1,4,10,C,0,1,2,3,3,3,,,0.526,1.449,0.316,1.683,,0.363,0.188
2,1,4,10,D,0,0,0,0,0,0,,,,,,,,,
2,1,4,10,E,0,0,0,0,0,0,,,,,,,,,
2,1,4,10,F,0,0,0,0,0,0,,,,,,,,,
2,1,4,10,G,0,0,3,3,3,3,,,0.639,0.892,0.415,1.183,,0.716,0.351
2,1,4,10,H,0,0,1,3,3,3,,,0.345,0.842,0.338,1.061,,0.410,0.319
2,1,4,10,I,0,1,3,3,3,4,,,0.552,1.355,0.577,2.109,,0.407,0.274
2,2,4,1,A,0,0,1,3,3,3,,,0.37,0.889,0.507,1.491,,0.416197975253093,0.340
2,2,4,1,B,0,2,3,3,3,3,0.199,,0.252,0.987,0.147,1.252,,0.255,0.117
2,2,4,1,C,0,0,0,0,0,0,,,,,,,,,
2,2,4,1,D,0,0,1,3,3,3,,,0.271,0.712,0.147,1.161,,0.381,0.127
2,2,4,1,E,0,0,1,3,3,3,,,0.719,1.077,0.825,1.643,,0.668,0.502
2,2,4,1,F,0,1,3,3,3,0,,,0.482,1.073,0.323,1.425,,0.449,0.227
2,2,4,1,G,0,0,3,3,3,4,,,0.129,1.234,0.372,1.465,,0.105,0.254
2,2,4,1,H,0,0,0,0,0,0,,,,,,,,,
2,2,4,1,I,0,0,2,3,3,3,,,0.482,1.218,0.591,1.294,,0.396,0.457
2,2,4,2,A,0,2,3,3,3,4,0.273,,0.678,1.37,0.469,2.166,,0.494890510948905,0.217
2,2,4,2,B,0,0,0,3,3,3,,,0.773,0.561,0.64,0.877,,1.378,0.72976054732041
2,2,4,2,C,0,1,0,0,0,0,,,,,,,,,
2,2,4,2,D,0,0,0,3,3,3,,,0.439,0.703,0.417,1.033,,0.624,0.404
2,2,4,2,E,0,3,3,3,3,4,0.179,0.327,0.756,1.228,0.646,2.204,0.547,0.616,0.293
2,2,4,2,F,0,1,3,3,3,3,,,0.706,1.685,0.584,1.943,,0.419,0.301
2,2,4,2,G,0,0,3,3,3,3,,,0.114,1.057,0.178,1.532,,0.108,0.116
2,2,4,2,H,0,0,0,3,3,3,,,0.137,0.52,0.295,1.038,,0.263461538461538,0.284
2,2,4,2,I,0,0,0,3,3,3,,,0.599,1.257,0.358,1.542,,0.477,0.232
2,2,4,3,A,0,0,0,3,3,3,,,0.435,1.018,0.285,1.651,,0.427,0.173
2,2,4,3,B,0,0,0,0,0,3,,,,,0.088,0.446,,,0.197
2,2,4,3,C,0,3,3,3,3,4,0.103,0.47,0.148,1.409,0.114,1.919,0.219148936170213,0.105,0.059
2,2,4,3,D,0,3,3,3,3,4,0.145,0.514,0.506,1.411,0.618,2.269,0.282,0.359,0.272
2,2,4,3,E,0,1,0,0,0,0,,,,,,,,,
2,2,4,3,F,0,0,0,0,0,0,,,,,,,,,
2,2,4,3,G,0,0,0,3,3,3,,,0.578,0.878,0.668,1.416,,0.658,0.472
2,2,4,3,H,0,3,3,3,3,4,0.145,0.449,0.55,1.333,0.561,2.151,0.323,0.412603150787697,0.261
2,2,4,3,I,0,3,0,1,0,0,0.137,0.416,,,,,0.329,,
2,2,4,4,A,0,0,1,1,3,3,,,,,0.241,1.126,,,0.214
2,2,4,4,B,0,3,3,3,3,4,0.394,0.6,0.849,1.394,0.798,1.829,0.656666666666667,0.609,0.436
2,2,4,4,C,0,0,0,0,0,0,,,,,,,,,
2,2,4,4,D,0,1,3,3,3,4,,,0.298,1.139,0.239,1.998,,0.262,0.120
2,2,4,4,E,0,1,3,3,3,3,,,0.267,1.193,0.189,1.626,,0.224,0.116
2,2,4,4,F,0,0,0,0,0,0,,,,,,,,,
2,2,4,4,G,0,0,0,3,3,3,,,0.646,0.723,0.403,1.2,,0.893,0.335833333333333
2,2,4,4,H,0,0,0,0,0,0,,,,,,,,,
2,2,4,4,I,0,0,0,3,3,3,,,0.302,0.643,0.576,1.272,,0.470,0.453
2,2,4,5,A,0,2,1,3,3,3,0.066,,0.186,0.621,0.22,1.325,,0.300,0.166037735849057
2,2,4,5,B,0,0,0,3,3,3,,,0.259,0.641,0.222,0.856,,0.404,0.259
2,2,4,5,C,0,0,1,3,3,3,,,0.231,0.786,0.332,0.99,,0.294,0.335353535353535
2,2,4,5,D,0,0,0,0,0,0,,,,,,,,,
2,2,4,5,E,0,0,1,3,3,3,,,0.533,0.639,0.52,1.01,,0.834,0.51
2,2,4,5,F,0,3,3,3,3,4,0.166,0.488,0.463,1.271,0.413,2.214,0.340,0.364,0.187
2,2,4,5,G,0,3,3,3,3,3,0.145,0.626,0.411,1.4,0.591,1.797,0.232,0.293571428571429,0.329
2,2,4,5,H,0,0,0,0,0,0,,,,,,,,,
2,2,4,5,I,0,3,3,3,3,5,0.129,0.673,0.175,1.456,0.459,2.602,0.192,0.120,0.176
2,2,4,6,A,0,0,0,0,0,0,,,,,,,,,
2,2,4,6,B,0,0,0,3,3,3,,,0.493,0.728,0.695,1.303,,0.677,0.533
2,2,4,6,C,0,1,0,3,3,3,,,0.286,0.476,0.567,1.199,,0.601,0.473
2,2,4,6,D,0,1,3,3,3,3,,,0.338,1.111,0.104,1.463,,0.304,0.071
2,2,4,6,E,0,0,0,0,0,0,,,,,,,,,
2,2,4,6,F,0,0,1,3,3,3,,,0.625,0.768,0.522,1.065,,0.814,0.490
2,2,4,6,G,0,0,0,3,3,3,,,0.602,0.794,0.676,1.327,,0.758,0.509
2,2,4,6,H,0,1,0,3,3,3,,,0.145,0.44,0.179,0.514,,0.329545454545455,0.348
2,2,4,6,I,0,0,0,0,0,0,,,,,,,,,
2,2,4,7,A,0,1,0,0,0,0,,,,,,,,,
2,2,4,7,B,0,0,0,3,3,3,,,0.227,0.491,0.465,0.997,,0.462,0.466
2,2,4,7,C,0,0,1,3,3,3,,,0.198,0.729,0.277,1.418,,0.272,0.195
2,2,4,7,D,0,0,0,0,0,0,,,,,,,,,
2,2,4,7,E,0,1,0,0,0,0,,,,,,,,,
2,2,4,7,F,0,1,1,0,0,0,,,,,,,,,
2,2,4,7,G,0,0,3,3,3,4,,,0.197,1.155,0.351,1.469,,0.171,0.239
2,2,4,7,H,0,0,3,3,3,3,,,0.366,0.868,0.334,1.354,,0.422,0.247
2,2,4,7,I,0,2,0,0,1,1,0.124,,,,,,,,
2,2,4,8,A,0,0,0,0,0,0,,,,,,,,,
2,2,4,8,B,0,0,0,3,3,3,,,0.433,0.775,0.466,1.272,,0.559,0.366
2,2,4,8,C,0,0,0,0,0,0,,,,,,,,,
2,2,4,8,D,0,0,0,0,0,0,,,,,,,,,
2,2,4,8,E,0,3,3,3,3,4,0.25,0.465,0.724,1.186,0.678,2.183,0.537634408602151,0.610,0.311
2,2,4,8,F,0,0,0,3,3,3,,,0.326,0.709,0.351,1.119,,0.460,0.314
2,2,4,8,G,0,0,0,0,0,0,,,,,,,,,
2,2,4,8,H,0,2,3,3,3,4,0.191,,0.262,1.046,0.192,1.981,,0.250,0.097
2,2,4,8,I,0,1,1,3,3,3,,,0.265,0.887,0.192,1.47,,0.299,0.130612244897959
2,2,4,9,A,0,0,0,1,1,0,,,,,,,,,
2,2,4,9,B,0,0,1,3,3,0,,,0.284,1.122,,,,0.253,
2,2,4,9,C,0,0,3,3,3,0,,,0.511,1.062,,,,0.481,
2,2,4,9,D,0,0,0,3,3,0,,,0.352,0.451,,,,0.780,
2,2,4,9,E,0,0,0,0,0,0,,,,,,,,,
2,2,4,9,F,0,0,0,1,2,0,,,,,,,,,
2,2,4,9,G,0,0,0,3,3,0,,,0.225,0.383,,,,0.587,
2,2,4,9,H,0,0,1,0,0,0,,,,,,,,,
2,2,4,9,I,0,3,3,3,3,0,0.22,0.71,1.442,1.442,,,0.31,1.000,
2,2,4,10,A,0,0,0,3,3,3,,,0.542,0.609,0.735,1.154,,0.890,0.637
2,2,4,10,B,0,1,3,3,3,4,,,0.264,1.381,0.238,2.194,,0.191,0.108
2,2,4,10,C,0,0,0,0,0,0,,,,,,,,,
2,2,4,10,D,0,0,3,3,3,3,,,0.15,0.988,0.209,1.301,,0.151821862348178,0.161
2,2,4,10,E,0,1,3,3,3,3,,,0.371,1.044,0.34,1.501,,0.355,0.226515656229181
2,2,4,10,F,0,0,1,3,3,3,,,0.153,0.963,0.147,1.446,,0.159,0.102
2,2,4,10,G,0,0,0,0,0,0,,,,,,,,,
2,2,4,10,H,0,0,0,3,3,3,,,0.659,0.487,0.764,1.227,,1.353,0.623
2,2,4,10,I,0,0,0,0,0,0,,,,,,,,,
2,3,4,1,A,0,1,1,3,3,0,,,0.264,0.864,,,,0.306,
2,3,4,1,B,0,1,3,0,0,0,,,,,,,,,
2,3,4,1,C,0,2,3,0,0,0,0.293,,,,,,,,
2,3,4,1,D,0,0,0,1,3,0,,,,,,,,,
2,3,4,1,E,0,0,0,0,0,0,,,,,,,,,
2,3,4,1,F,0,1,3,3,3,0,,,0.18,1.342,,,,0.134128166915052,
2,3,4,1,G,0,0,0,0,0,0,,,,,,,,,
2,3,4,1,H,0,1,0,0,0,0,,,,,,,,,
2,3,4,1,I,0,3,3,3,3,0,0.171,0.879,0.616,1.614,,,0.195,0.382,
2,3,4,2,A,0,3,3,3,3,4,0.681,0.618,0.783,1.664,0.732,2.031,1.102,0.471,0.360
2,3,4,2,B,0,3,3,3,3,4,0.24,0.552,0.657,1.465,0.687,1.586,0.434782608695652,0.448,0.433
2,3,4,2,C,0,0,0,0,0,0,,,,,,,,,
2,3,4,2,D,0,3,3,3,3,5,0.22,0.486,0.348,1.597,0.667,2.294,0.452674897119342,0.218,0.291
2,3,4,2,E,0,0,0,0,0,3,,,,,0.133,0.506,,,0.263
2,3,4,2,F,0,3,3,3,3,4,0.267,0.329,0.399,1.38,0.379,1.771,0.812,0.289130434782609,0.214
2,3,4,2,G,0,0,0,0,0,0,,,,,,,,,
2,3,4,2,H,0,0,0,3,3,3,,,0.336,0.388,0.155,1.252,,0.866,0.124
2,3,4,2,I,0,2,0,0,0,0,0.196,,,,,,,,
2,3,4,3,A,0,0,0,0,0,0,,,,,,,,,
2,3,4,3,B,0,0,0,0,0,0,,,,,,,,,
2,3,4,3,C,0,0,0,0,0,0,,,,,,,,,
2,3,4,3,D,0,3,3,0,0,0,0.215,0.519,,,,,0.414,,
2,3,4,3,E,0,0,0,0,0,0,,,,,,,,,
2,3,4,3,F,0,0,0,0,0,0,,,,,,,,,
2,3,4,3,G,0,1,2,0,0,0,,,,,,,,,
2,3,4,3,H,0,0,1,0,0,0,,,,,,,,,
2,3,4,3,I,0,0,0,0,0,0,,,,,,,,,
2,3,4,4,A,0,0,0,0,0,0,,,,,,,,,
2,3,4,4,B,0,3,3,3,3,3,0.206,0.565,,1.777,0.623,2.203,0.365,0.000,0.283
2,3,4,4,C,0,3,3,3,3,3,0.273,0.685,0.571,1.143,0.491,1.942,0.399,0.500,0.253
2,3,4,4,D,0,3,3,3,3,3,0.168,0.575,0.718,1.898,0.668,2.014,0.292,0.378,0.332
2,3,4,4,E,0,0,0,3,3,0,,,0.49,0.745,,,,0.657718120805369,
2,3,4,4,F,0,1,3,3,3,3,,,0.731,1.255,0.29,1.516,,0.582,0.191292875989446
2,3,4,4,G,0,0,0,2,3,0,,,0.336,,,,,,
2,3,4,4,H,0,0,0,0,0,0,,,0.434,,,,,,
2,3,4,4,I,0,0,0,0,0,0,,,,,,,,,
2,3,4,5,A,0,0,3,3,3,0,,,,1.43,,,,0.00,
2,3,4,5,B,0,0,3,0,0,0,,,0.389,,,,,,
2,3,4,5,C,0,0,0,0,0,0,,,,,,,,,
2,3,4,5,D,0,0,3,0,0,0,,,,,,,,,
2,3,4,5,E,0,0,3,3,3,0,,,,0.604,,,,0.000,
2,3,4,5,F,0,0,0,0,0,0,,,0.604,,,,,,
2,3,4,5,G,0,0,3,0,0,0,,,,,,,,,
2,3,4,5,H,0,0,0,2,3,0,,,,,,,,,
2,3,4,5,I,0,0,0,0,0,0,,,0.207,,,,,,
2,3,4,6,A,0,1,0,0,0,0,,,,,,,,,
2,3,4,6,B,0,0,0,3,3,3,,,,0.628,0.349,1.489,,0.000,0.234
2,3,4,6,C,0,0,1,3,3,3,,,0.412,1.097,0.438,1.872,,0.376,0.234
2,3,4,6,D,0,0,0,3,3,0,,,0.274,0.948,,,,0.289,
2,3,4,6,E,0,0,3,3,3,3,,,0.538,0.951,0.449,1.3,,0.566,0.345384615384615
2,3,4,6,F,0,0,1,3,3,3,,,0.694,1,0.348,1.91,,0.694,0.182198952879581
2,3,4,6,G,0,0,1,0,0,0,,,0.466,,,,,,
2,3,4,6,H,0,0,0,3,3,3,,,,0.937,0.194,1.658,,0.000,0.117
2,3,4,6,I,0,3,3,3,3,4,0.3,0.568,0.632,2.127,0.748,2.456,0.528169014084507,0.297,0.305
2,3,4,7,A,0,0,0,3,3,3,,,0.645,0.407,0.502,0.713,,1.585,0.704
2,3,4,7,B,0,1,3,3,3,3,,,0.247,1.025,0.554,1.478,,0.241,0.375
2,3,4,7,C,0,0,0,0,0,0,,,0.379,,,,,,
2,3,4,7,D,0,0,0,0,1,3,,,,,0.724,0.713,,,1.015
2,3,4,7,E,0,0,0,0,0,0,,,,,,,,,
2,3,4,7,F,0,3,3,3,3,4,0.423,0.66,,1.431,0.606,1.558,0.640909090909091,0.000,0.389
2,3,4,7,G,0,3,3,3,3,4,0.508,0.729,0.59,1.711,0.518,1.86,0.697,0.344827586206897,0.278494623655914
2,3,4,7,H,0,0,2,3,3,3,,,0.643,1.287,0.356,1.586,,0.500,0.224
2,3,4,7,I,0,0,0,0,0,0,,,0.279,,,,,,
2,3,4,8,A,0,3,3,3,3,4,0.38,0.556,,1.351,0.544,1.845,0.683453237410072,0.000,0.295
2,3,4,8,B,0,0,0,3,0,3,,,0.641,0.687,0.388,1.338,,0.933,0.290
2,3,4,8,C,0,0,2,3,3,3,,,0.489,0.917,0.465,1.462,,0.533,0.318
2,3,4,8,D,0,1,0,0,0,0,,,0.471,,,,,,
2,3,4,8,E,0,0,0,3,3,3,,,,0.486,0.552,1.014,,0.000,0.544
2,3,4,8,F,0,0,0,0,3,0,,,0.464,,,,,,
2,3,4,8,G,0,0,3,3,3,3,,,,1.414,0.185,2.055,,0.000,0.090
2,3,4,8,H,0,0,0,0,0,0,,,0.281,,,,,,
2,3,4,8,I,0,1,0,0,3,3,,,,,0.187,0.231,,,0.810
2,3,4,9,A,0,0,1,0,0,0,,,,,,,,,
2,3,4,9,B,0,0,3,3,3,4,,,,1.309,0.24,1.827,,0.000,0.13136288998358
2,3,4,9,C,0,0,2,2,1,1,,,0.223,,,,,,
2,3,4,9,D,0,0,0,0,0,0,,,0.399,,,,,,
2,3,4,9,E,0,0,0,1,3,3,,,,,0.177,1.075,,,0.165
2,3,4,9,F,0,0,3,3,3,3,,,,1.415,0.618,1.91,,0.000,0.323560209424084
2,3,4,9,G,0,0,1,0,0,0,,,0.638,,,,,,
2,3,4,9,H,0,0,0,3,3,4,,,,0.633,0.712,1.665,,0.000,0.428
2,3,4,9,I,0,0,0,0,3,3,,,0.506,,0.484,0.564,,,0.858
2,3,4,10,A,0,0,0,0,0,0,,,,,,,,,
2,3,4,10,B,0,0,0,0,0,0,,,,,,,,,
2,3,4,10,C,0,0,0,0,0,0,,,,,,,,,
2,3,4,10,D,0,1,0,0,0,0,,,,,,,,,
2,3,4,10,E,0,3,0,0,0,0,,,,,,,,,
2,3,4,10,F,0,0,0,0,0,0,,,,,,,,,
2,3,4,10,G,0,0,0,0,0,0,,,,,,,,,
2,3,4,10,H,0,0,0,0,0,0,,,,,,,,,
2,3,4,10,I,0,0,0,0,0,0,,,,,,,,,